id,name,messiahLine,levitical,judge,initiallyVisible,hadCollapsedChildren,age,yearsLived,born,died,tribe,spouse,refs,tooltipRaw
1,Canaan,false,false,false,true,true,,,,,,,Genesis 10:6,"Canaan

(Genesis 10:6, 1 Chronicles 1:8)"
2,Put,false,false,false,true,false,,,,,,,Genesis 10:6,"Put

(Genesis 10:6, 1 Chronicles 1:8)

Put is the Biblical name of the person who became the modern day nation Libya."
3,Mizraim,false,false,false,true,true,,,,,,,Genesis 10:6,"Mizraim

(Genesis 10:6, 1 Chronicles 1:8)

Mizraim is the Biblical name of the person who became the modern day nation Egypt."
4,Cush,false,false,false,true,true,,,,,,,Genesis 10:6,"Cush

(Genesis 10:6, 1 Chronicles 1:8)

Cush is the Biblical name of the person who became the modern day nation Ethiopia."
5,Ham,false,false,false,true,false,,,,,,,Genesis 5:32,"Ham

(Genesis 5:32, 1 Chronicles 1:4)"
6,Japheth,false,false,false,true,true,,,,,,,Genesis 5:32,"Japheth

Lived: 2368-?? BCE (?? years)

(Genesis 5:32, 1 Chronicles 1:4)"
7,Aram,true,false,false,true,true,,,,,,,,"Aram

(1 Chronicles 7:34)"
8,Lud,false,false,false,true,false,,,,,,,Genesis 10:13,"Lud

(Genesis 10:13, 1 Chronicles 1:11)"
9,Maacah,false,false,false,true,false,,,,,,,,"Maacah

(1 Chronicles 7:15)"
10,Tahash,false,false,false,true,false,,,,,,,Genesis 10:22,"Lud

(Genesis 10:22, 1 Chronicles 1:17)"
11,Gaham,false,false,false,true,false,,,,,,,Genesis 22:24,Mother:Reumah (Genesis 22:24)
12,Tebah,false,false,false,true,false,,,,,,,Genesis 22:24,Mother:Reumah (Genesis 22:24)
13,Rachael,false,false,false,true,false,,,,,,,Genesis 29:10; Genesis 29:16,"(Genesis 29:10, Genesis 29:16)"
14,Leah,false,false,false,true,false,,,,,,,Genesis 29:10; Genesis 29:16,"Leah

(Genesis 29:10, Genesis 29:16)"
15,Laban,false,false,false,true,false,,,,,,,Genesis 24:29,"Laban

(Genesis 24:29)"
16,Rebekah,false,false,false,true,false,,,,,,,Genesis 22:23,"Rebekah

(Genesis 22:23)"
17,Bethuel,false,false,false,true,false,,,,,,,Genesis 22:22,"Bethuel

(Genesis 22:22)"
18,Jidlaph,false,false,false,true,false,,,,,,,Genesis 22:22,(Genesis 22:22)
19,Pildash,false,false,false,true,false,,,,,,,Genesis 22:22,"Pildash

(Genesis 22:22)"
20,Hazo,false,false,false,true,false,,,,,,,Genesis 22:22,(Genesis 22:22)
21,Chesed,false,false,false,true,false,,,,,,,Genesis 22:21,"Kemuel

(Genesis 22:21)"
22,Kemuel,false,false,false,true,true,,,,,,,Genesis 22:21,"Kemuel

(Genesis 22:21)"
23,Buz,false,false,false,true,false,,,,,,,Genesis 22:21,"Buz

(Genesis 22:21)"
24,Uz,false,false,false,true,false,,,,,,,Genesis 10:23,"Uz

(Genesis 10:23, 1 Chronicles 1:17)"
25,Nahor,true,false,false,true,false,,,,,,,Genesis 11:22; Luke 3:34; Genesis 11:24,"Nahor

Lived: 2075-1927 BCE (148 years)

(Genesis 11:22, 1 Chronicles 1:25-26, Luke 3:34-35, Genesis 11:24-25)"
26,Shuah,false,false,false,true,false,,,,,,,Genesis 25:1,(Genesis 25:1-2)
27,Ishbak,false,false,false,true,false,,,,,,,Genesis 25:1,(Genesis 25:1-2)
28,Midian,false,false,false,true,true,,,,,,,Genesis 25:1,(Genesis 25:1-2)
29,Medan,false,false,false,true,false,,,,,,,Genesis 25:1,"Medan

(Genesis 25:1-2)"
30,Jokshan,false,false,false,true,true,,,,,,,Genesis 25:1,"Jokshan

(Genesis 25:1-2)"
31,Zimran,false,false,false,true,false,,,,,,,Genesis 25:1,"Zimran

(Genesis 25:1-2)"
32,Dinah,false,false,false,true,false,,,,,,,Genesis 30:21,"Dinah

(Genesis 30:21, 34:1, 46:15)"
33,Shimeam,false,false,false,true,false,,,,,,,,(1 Chronicles 9:38)
34,Mikloth,false,false,false,true,false,,,,,,,Genesis 30:21,"Dinah

(Genesis 30:21, 34:1, 46:15)"
35,Zechariah,false,false,false,true,false,,,,,,,,"Zechariah

(1 Chronicles 5:7)"
36,Ahio,false,false,false,true,false,,,,,,,,"Ahio

(1 Chronicles 8:14)"
37,Gedor,false,false,false,true,false,,,,,,,,"Gedor

(1 Chronicles 4:4)"
38,Nadab,false,false,false,true,false,,,,,,,,"Nadab

(1 Chronicles 2:28)"
39,Eshbaal,false,false,false,true,false,,,,,,,,"Eshbaal

(1 Chronicles 9:39)"
40,Abinadab,false,false,false,true,false,,,,,,,,"Abinadab

(1 Chronicles 2:13)"
41,Malchi-shua,false,false,false,true,false,,,,,,,,"Malchi-shua

(1 Chronicles 9:39)"
42,Hanan,false,false,false,true,false,,,,,,,,"Hanan

(1 Chronicles 8:23)"
43,Obadiah,false,false,false,true,false,,,,,,,,"Obadiah

(1 Chronicles 3:21)"
44,Sheariah,false,false,false,true,false,,,,,,,,"Sheariah

(1 Chronicles 9:44)"
45,Ishmael,false,false,false,true,false,,,,,,Unnamed Egyptian (Genesis 21:21) (Genesis 16:16,Genesis 21:21; Genesis 16:16; Genesis 25:17; Genesis 21:20,"Ishmael

Lived: 1890-1753 BCE (137 years)

Spouse: Unnamed Egyptian (Genesis 21:21)
 

(Genesis 16:16, 1 Chronicles 1:28, Genesis 25:17)

Ishmael became an archer (Genesis 21:20)."
46,Bocheru,false,false,false,true,false,,,,,,,,"Bocheru

(1 Chronicles 9:44)"
47,Azrikam,false,false,false,true,false,,,,,,,,"Azrikam

(1 Chronicles 3:23)"
48,Azel,false,false,false,true,false,,,,,,,,"Azel

(1 Chronicles 9:43)"
49,Eleasah,false,false,false,true,false,,,,,,,,"Eleasah

(1 Chronicles 2:39)"
50,Rephaiah,false,false,false,true,false,,,,,,,,"Rephaiah

(1 Chronicles 3:21)"
51,Binea,false,false,false,true,false,,,,,,,,"Binea

(1 Chronicles 9:43)"
52,Moza,false,false,false,true,false,,,,,,,,"Moza

(1 Chronicles 2:46)"
53,Zimri,false,false,false,true,false,,,,,,,,"Zimri

(1 Chronicles 9:42)"
54,Azmaveth,false,false,false,true,false,,,,,,,,"Azmaveth

(1 Chronicles 9:42)"
55,Alemeth,false,false,false,true,false,,,,,,,,"Alemeth

(1 Chronicles 7:8)"
56,Jarah,false,false,false,true,false,,,,,,,,"Jarah

(1 Chronicles 9:42)"
57,Ahaz,true,false,false,true,false,,,,,,,Matthew 1:9,"Ahaz

(1 Chronicles 3:13, Matthew 1:9)"
58,Tahrea,false,false,false,true,false,,,,,,,,"Tahrea

(1 Chronicles 9:41)"
59,Melech,false,false,false,true,false,,,,,,,,"Melech

(1 Chronicles 9:41)"
60,Pithon,false,false,false,true,false,,,,,,,,"Pithon

(1 Chronicles 9:41)"
61,Micah,false,false,false,true,false,,,,,,,,"Micah

(1 Chronicles 5:5)"
62,Merib-baal,false,false,false,true,false,,,,,,,,"Merib-baal

(1 Chronicles 9:40)

Called Mephibosheth in 2 Samuel 4 and 2 Samuel 9"
63,Jonathan,false,false,false,true,false,,,,,,,,"Jonathan

(1 Chronicles 2:32)"
64,Saul,false,false,false,true,false,,,,,,,,"Saul

(1 Samuel 9:2)"
65,Kish,false,false,false,true,false,,,,,,,,"Kish

(1 Chronicles 23:21)"
66,Ner (or Abiel),false,false,false,true,false,,,,,,,,"Ner (or Abiel)

(1 Chronicles 9:36)Ner may have been given the name 'Abiel' (Father of G-d) in 1 Samuel 9:2 because he was the Leverite father of Kish's (his elder brother) son whom he named Kish."
67,Baal,false,false,false,true,false,,,,,,,,"Baal

(1 Chronicles 5:5)"
68,Kish,false,false,false,true,false,,,,,,,,(1 Chronicles 9:36)
69,Zur,false,false,false,true,false,,,,,,,,"Zur

(1 Chronicles 9:36)"
70,Abdon,false,false,true,true,false,,,,,,,,"Abdon

(1 Chronicles 8:23)"
71,Jeiel,false,false,false,true,false,,,,,,,,"Jeiel

(1 Chronicles 5:7)"
72,Zeror,false,false,false,true,false,,,,,,,,"Zeror

(1 Samuel 9:1)"
73,Becorath,false,false,false,true,false,,,,,,,,"Becorath

(1 Samuel 9:1)"
74,Rapha (or Aphiah?),false,false,false,true,false,,,,,,,,"Rapha (or Aphiah?)

(1 Chronicles 8:1)"
75,Nohah,false,false,false,true,false,,,,,,,,"Nohah

(1 Chronicles 8:1)"
76,Aharah,false,false,false,true,false,,,,,,,,"Aharah

(1 Chronicles 8:1)"
77,Ashbel (or Jediael?),false,false,false,true,true,,,,,,,Genesis 46:21; Numbers 26:38,"Ashbel (or Jediael?)

(Genesis 46:21, Numbers 26:38, 1 Chronicles 7:6, 1 Chronicles 8:1)"
78,Becher,false,false,false,true,true,,,,,,,Genesis 46:21; Numbers 26:38,"Becher

(Genesis 46:21, Numbers 26:38, 1 Chronicles 7:6)"
79,Naaman,false,false,false,true,false,,,,,,,,"Naaman

(1 Chronicles 8:4)"
80,Ehud,false,false,true,true,true,,,,,,,,"Ehud

(1 Chronicles 7:10)"
81,Shephuphan,false,false,false,true,true,,,,,,,,"Shephuphan

(1 Chronicles 8:5)"
82,Gera,false,false,false,true,false,,,,,,,,"Gera

(1 Chronicles 8:3)"
83,Ahoah (or Ahiah),false,false,false,true,false,,,,,,,,"Ahoah (or Ahiah)

(1 Chronicles 8:4, 8:7)"
84,Naaman,false,false,false,true,false,,,,,,,,(1 Chronicles 8:4)
85,Abishua,false,false,false,true,false,,,,,,,Ezra 7:5,"Abishua

(1 Chronicles 6:4, 1 Chronicles 6:50, Ezra 7:5)"
86,Abihud,false,false,false,true,false,,,,,,,Matthew 1:13,"Abihud

(Matthew 1:13)"
87,Gera,false,false,false,true,false,,,,,,,,(1 Chronicles 8:3)
88,Ard (or Addar?),false,false,false,true,false,,,,,,,Numbers 26:41,"Ard (or Addar?)

(Numbers 26:41, 1 Chronicles 8:3)"
89,Iri,false,false,false,true,true,,,,,,,,"Iri

(1 Chronicles 7:7)"
90,Jerimoth,false,false,false,true,false,,,,,,,,"Jerimoth

(1 Chronicles 24:30)"
91,Uzziel,false,false,false,true,false,,,,,,,Exodus 6:18; Numbers 3:19,"Uzziel

(Exodus 6:18, Numbers 3:19, 1 Chronicles 6:2, 1 Chronicles 6:18, 1 Chronicles 23:12)"
92,Uzzi,false,false,false,true,false,,,,,,,,"Uzzi

(1 Chronicles 7:2)"
93,Ezbon,false,false,false,true,false,,,,,,,,"Ezbon

(1 Chronicles 7:7)"
94,Bela,false,false,false,true,false,,,,,,,,"Bela

(1 Chronicles 5:7)"
95,Benjamin,false,false,false,true,false,,,,,,,,"Benjamin

(1 Chronicles 7:10)"
96,Joshua,true,false,false,true,false,,,,,,,Haggai 1:1; Haggai 1:12; Zechariah 6:11,"Joshua

(Haggai 1:1, Haggai 1:12, Zechariah 6:11)"
97,Nun (or Non),false,false,false,true,false,,,,,,,,"Nun (or Non)

(1 Chronicles 7:27)"
98,Elishama,false,false,false,true,false,,,,,,,Jeremiah 36:12,"Elishama

(1 Chronicles 2:41)Is this possibly the Elishama the scribe mentioned in Jeremiah 36:12, 36:20-21?"
99,Ammihud,false,false,false,true,false,,,,,,,,"Ammihud

(1 Chronicles 7:26)"
100,Ladan,false,false,false,true,false,,,,,,,,"Ladan

(1 Chronicles 7:26)"
101,Tahan,false,false,false,true,false,,,,,,,,"Tahan

(1 Chronicles 7:25)"
102,Telah,false,false,false,true,false,,,,,,,,"Telah

(1 Chronicles 7:25)"
103,Resheph,false,false,false,true,false,,,,,,,,"Resheph

(1 Chronicles 7:25)"
104,Rephah,false,false,false,true,false,,,,,,,,"Rephah

(1 Chronicles 7:25)"
105,Sheerah,false,false,false,true,false,,,,,,,,"Sheerah

(1 Chronicles 7:24)"
106,Beriah,false,false,false,true,false,,,,,,,Genesis 46:17,"Beriah

(Genesis 46:17, 1 Chronicles 7:30)"
107,Elead,false,false,false,true,false,,,,,,,,"Elead

(1 Chronicles 7:21)"
108,Ezer,false,false,false,true,false,,,,,,,,"Ezer

(1 Chronicles 4:4)"
109,Shuthelah,false,false,false,true,true,,,,,,,,"Shuthelah

(1 Chronicles 7:21)"
110,Ephraim,false,false,false,true,false,,,,,,,Genesis 41:52,"Ephraim

(Genesis 41:52)

More details are available
at Psalm11918.org"
111,Manasseh,true,false,false,true,true,,,,,,,Matthew 1:10,"Manasseh

(1 Chronicles 3:13, Matthew 1:10)"
112,Joseph,true,false,false,true,false,,,,,,,Luke 3:30,"Joseph

(Luke 3:30)"
113,Zebulun,false,false,false,true,true,,,,,,,Genesis 30:20,"Zebulun

(Genesis 30:20, 1 Chronicles 2:1)

More details are available
at Psalm11918.org"
114,Issachar,false,false,false,true,true,,,,,,,Genesis 29:33,"Issachar

(Genesis 29:33, 1 Chronicles 2:1)

More details are available
at Psalm11918.org"
115,Asher,false,false,false,true,true,,,,,,,Genesis 30:13,"Asher

(Genesis 30:13, 1 Chronicles 2:2)

More details are available
at Psalm11918.org"
116,Gad,false,false,false,true,true,,,,,,,Genesis 30:11,"Gad

(Genesis 30:11, 1 Chronicles 2:2)

More details are available
at Psalm11918.org"
117,Naphtali,false,false,false,true,true,,,,,,,Genesis 30:8,"Naphtali

(Genesis 30:8, 1 Chronicles 2:2)

More details are available
at Psalm11918.org"
118,Dan,false,false,false,true,true,,,,,,,Genesis 30:6,"Dan

(Genesis 30:6, 1 Chronicles 2:2)

More details are available
at Psalm11918.org"
119,Zerah,false,false,false,true,true,,,,,,,Genesis 36:13,"Zerah

(Genesis 36:13, 36:17, 1 Chronicles 1:37)"
120,Hamul,false,false,false,true,false,,,,,,,Genesis 46:12; Numbers 26:21,"Hamul

(Genesis 46:12, Numbers 26:21, 1 Chronicles 2:5)"
121,Jair,false,false,true,true,false,,,,,,,Judges 10:3,"Jair

(Judges 10:3)

Shechem is a grandchild of Gilead and therefore a Gileadite.

Jair judged Israel twenty-two years."
122,Segub,false,false,false,true,false,,,,,,,,"Segub

(1 Chronicles 2:21)"
123,Ashhur,false,false,false,true,true,,,,,,Helah and Naarah (1 Chronicles 4:5) (1 Chronicles 2:24),,"Ashhur

Spouse: Helah and Naarah (1 Chronicles 4:5)
 

(1 Chronicles 2:24)"
124,Caleb (or Carmi or Chelubai),false,false,false,true,true,,,,,,Azubah and Jerioth (1 Chronicles 2:18) and Ephrath (1 Chronicles 2:19) (1 Chronicles 2:9,,"Caleb (or Carmi or Chelubai)

Spouse: Azubah and Jerioth (1 Chronicles 2:18) and Ephrath (1 Chronicles 2:19)
 

(1 Chronicles 2:9, 1 Chronicles 2:18, 1 Chronicles 2:42)"
125,Abigail,false,false,false,true,true,,,,,,Jether the Ishmaelite (1 Chronicles 2:17) (1 Chronicles 2:16),,"Abigail

Spouse: Jether the Ishmaelite (1 Chronicles 2:17)
 

(1 Chronicles 2:16)"
126,Zeruiah,false,false,false,true,true,,,,,,,,"Zeruiah

(1 Chronicles 2:16)"
127,Tamar,false,false,false,true,false,,,,,,,,"Tamar

(1 Chronicles 3:9)"
128,Japhia,false,false,false,true,false,,,,,,,,"Japhia

(1 Chronicles 3:7)"
129,Nepheg,false,false,false,true,false,,,,,,,Exodus 6:21,"Nepheg

(Exodus 6:21)"
130,Nogah,false,false,false,true,false,,,,,,,,"Nogah

(1 Chronicles 3:7)"
131,Eliphelet,false,false,false,true,false,,,,,,,,"Eliphelet

(1 Chronicles 3:6)"
132,Elishama,false,false,false,true,false,,,,,,,,(1 Chronicles 3:6)
133,Ibhar,false,false,false,true,false,,,,,,,,"Ibhar

(1 Chronicles 3:6)"
134,Shallum,false,false,false,true,false,,,,,,,,"Shallum

(1 Chronicles 4:25)"
135,Zedekiah (or Matteniah),false,false,false,true,false,,,,,,,,"Zedekiah (or Matteniah)

(1 Chronicles 3:15)"
136,Zedekiah,false,false,false,true,false,,,,,,,,"Zedekiah

(1 Chronicles 3:16)"
137,Nedabiah,false,false,false,true,false,,,,,,,,"Nedabiah

(1 Chronicles 3:18)"
138,Hoshama,false,false,false,true,false,,,,,,,,"Hoshama

(1 Chronicles 3:18)"
139,Jekamiah,false,false,false,true,false,,,,,,,,"Jekamiah

(1 Chronicles 2:41)"
140,Shenazzar,false,false,false,true,false,,,,,,,,"Shenazzar

(1 Chronicles 3:18)"
141,Pedaiah,false,false,false,true,true,,,,,,,,"Pedaiah

(1 Chronicles 3:18)"
142,Malchiram,false,false,false,true,false,,,,,,,,"Malchiram

(1 Chronicles 3:18)"
143,Joseph,true,false,false,true,false,,,,,,,Matthew 1:16,(Matthew 1:16)
144,Jacob,true,false,false,true,false,,,,,,,Matthew 1:15,"Jacob

(Matthew 1:15)"
145,Matthan,true,false,false,true,false,,,,,,,Matthew 1:15,"Matthan

(Matthew 1:15)"
146,Eleazar,true,false,false,true,false,,,,,,,,"Eleazar

(1 Chronicles 23:21)

Eleazar had no sons (1 Chronicles 24:28)"
147,Eliud,true,false,false,true,false,,,,,,,Matthew 1:14,"Eliud

(Matthew 1:14)"
148,Achim,true,false,false,true,false,,,,,,,Matthew 1:14,"Achim

(Matthew 1:14)"
149,Zadoc,false,false,false,true,false,,,,,,,Matthew 1:14,"Zadoc

(Matthew 1:14)"
150,Azor,true,false,false,true,false,,,,,,,Matthew 1:13,"Azor

(Matthew 1:13)"
151,Eliakim,true,false,false,true,false,,,,,,,Luke 3:30,"Eliakim

(Luke 3:30)"
152,Abihud,false,false,false,true,false,,,,,,,Matthew 1:13,(Matthew 1:13)
153,Zerubbabel,true,false,false,true,false,,,,,,,,"Zerubbabel

(1 Chronicles 3:19)"
154,Shealtiel,true,false,false,true,false,,,,,,,Luke 3:27,"Shealtiel

(Luke 3:27)"
155,Zedekiah,false,false,false,true,false,,,,,,,,(1 Chronicles 3:16)
156,Jehoiachin (or Jeconiah),false,false,false,true,false,,,,,,,Matthew 1:11,"Jehoiachin (or Jeconiah)

(1 Chronicles 3:16, Matthew 1:11)"
157,Jehoiakim (or Eliakim),false,false,false,true,false,,,,,,,,"Jehoiakim (or Eliakim)

(1 Chronicles 3:15)"
158,Jehoahaz (or Johanan),false,false,false,true,false,,,,,,,,"Jehoahaz (or Johanan)

(1 Chronicles 3:15)"
159,Josiah,true,false,false,true,false,,,,,,,Matthew 1:10,"Josiah

(1 Chronicles 3:14, Matthew 1:10)"
160,Amon,true,false,false,true,false,,,,,,,Matthew 1:10,"Amon

(1 Chronicles 3:14, Matthew 1:10)"
161,Manasseh,true,false,false,true,false,,,,,,,Matthew 1:10,"(1 Chronicles 3:13, Matthew 1:10)"
162,Hezekiah,true,false,false,true,false,,,,,,,Matthew 1:9,"Hezekiah

(1 Chronicles 3:13, Matthew 1:9)"
163,Ahaz,true,false,false,true,false,,,,,,,Matthew 1:9,"(1 Chronicles 3:13, Matthew 1:9)"
164,Jotham,true,false,false,true,false,,,,,,,,"Jotham

(1 Chronicles 2:47)Jahdai being one of Caleb's concubines/wives."
165,Azariah (or Uzziah),false,false,false,true,false,,,,,,,Matthew 1:8,"Azariah (or Uzziah)

(1 Chronicles 3:12, Matthew 1:8)"
166,Amaziah,false,false,false,true,false,,,,,,,,"Amaziah

(1 Chronicles 4:34)"
167,Joash,false,false,false,true,false,,,,,,,Judges 6:11,"Joash

(Judges 6:11)"
168,Ahaziah,false,false,false,true,false,,,,,,,,"Ahaziah

(1 Chronicles 3:11)"
169,Joram,true,false,false,true,false,,,,,,,,"Joram

(1 Chronicles 26:24-25)"
170,Jehoshaphat,true,false,false,true,false,,,,,,,Matthew 1:8,"Jehoshaphat

(1 Chronicles 3:10, Matthew 1:8)"
171,Asa,true,false,false,true,false,,,,,,,Matthew 1:7,"Asa

(1 Chronicles 3:10, Matthew 1:7)"
172,Abijah,true,false,false,true,false,,,,,,,,"Abijah

(1 Chronicles 7:8)"
173,Rehoboam,true,false,false,true,false,,,,,,,Matthew 1:7,"Rehoboam

(1 Chronicles 3:10, Matthew 1:7)"
174,Solomon,true,false,false,true,false,,,,,,,Matthew 1:6,"Solomon

Lived: 1012-961 BCE (70 years)

(1 Chronicles 3:5, Matthew 1:6)"
175,sister,false,false,false,true,false,,,,,,,Mark 6:3,"sister

see Mark 6:3"
176,sister,false,false,false,true,false,,,,,,,Mark 6:3,see Mark 6:3
177,Simon,false,false,false,true,false,,,,,,,Mark 6:3,"Simon

see Mark 6:3"
178,Judas,false,false,false,true,false,,,,,,,Mark 6:3,"Judas

see Mark 6:3"
179,Joses,false,false,false,true,false,,,,,,,Mark 6:3,"Joses

see Mark 6:3"
180,James (Jacob),false,false,false,true,false,,,,,,,Mark 6:3,"James (Jacob)

see Mark 6:3"
181,Yeshua the Messiah,true,false,false,true,false,,,,,,,Matthew 1:16,"Yeshua the Messiah

(Matthew 1:16)"
182,Mary,true,false,false,true,false,,,,,,Joseph (Matthew 1:16,Matthew 1:16; Luke 3:23; Acts 1:14,"Mary

Spouse: Joseph
 

(Matthew 1:16, Luke 3:23, Acts 1:14)

Mary, by whom Yeshua was born (Matthew 1:16)."
183,Eli,true,false,true,true,false,,,,,,,Luke 3:23,"Eli

(Luke 3:23)"
184,Matthat,true,false,false,true,false,,,,,,,Luke 3:29,"Matthat

(Luke 3:29)"
185,Levi,true,false,false,true,false,,,,,,,Genesis 29:34,"Levi

Lived: 1729-1592 BCE (137 years)

(Genesis 29:34, 1 Chronicles 2:1)

More details are available
at Psalm11918.org"
186,Melchi,true,false,false,true,false,,,,,,,Luke 3:28,"Melchi

(Luke 3:28)"
187,Jannai,true,false,false,true,false,,,,,,,Luke 3:24,"Jannai

(Luke 3:24)"
188,Joseph,true,false,false,true,false,,,,,,,Luke 3:24,(Luke 3:24)
189,Mattathias,true,false,false,true,false,,,,,,,Luke 3:26,"Mattathias

(Luke 3:26)"
190,Amos,true,false,false,true,false,,,,,,,Luke 3:25,"Amos

(Luke 3:25)"
191,Nahum,true,false,false,true,false,,,,,,,Luke 3:25,"Nahum

(Luke 3:25)"
192,Hesli,true,false,false,true,false,,,,,,,Luke 3:25,"Hesli

(Luke 3:25)"
193,Naggai,true,false,false,true,false,,,,,,,Luke 3:25,(Luke 3:25)
194,Maath,true,false,false,true,false,,,,,,,Luke 3:26,"Maath

(Luke 3:26)"
195,Mattathias,true,false,false,true,false,,,,,,,Luke 3:26,(Luke 3:26)
196,Semein,true,false,false,true,false,,,,,,,Luke 3:26,"Semein

(Luke 3:26)"
197,Josech,true,false,false,true,false,,,,,,,Luke 3:26,"Josech

(Luke 3:26)"
198,Joda,true,false,false,true,false,,,,,,,Luke 3:26,"Joda

(Luke 3:26)"
199,Joanan,true,false,false,true,false,,,,,,,Luke 3:27,"Joanan

(Luke 3:27)"
200,Rhesa,true,false,false,true,false,,,,,,,Luke 3:27,(Luke 3:27)
201,Zerubbabel,true,false,false,true,false,,,,,,,Luke 3:27,(Luke 3:27)
202,Shealtiel,true,false,false,true,false,,,,,,,Luke 3:27,(Luke 3:27)
203,Neri,true,false,false,true,false,,,,,,,Luke 3:27,"Neri

(Luke 3:27)"
204,Melchi,true,false,false,true,false,,,,,,,Luke 3:28,(Luke 3:28)
205,Addi,true,false,false,true,false,,,,,,,Luke 3:28,"Addi

(Luke 3:28)"
206,Cosam,true,false,false,true,false,,,,,,,Luke 3:28,"Cosam

(Luke 3:28)"
207,Elmadam,true,false,false,true,false,,,,,,,Luke 3:28,(Luke 3:28)
208,Er,true,false,false,true,false,,,,,,,Genesis 38:2; Genesis 46:12; Genesis 38:7,"Er

(Genesis 38:2-3, Genesis 46:12, 1 Chronicles 2:3)

Er was evil in the sight of the LORD, so the LORD took his life. (Genesis 38:7)"
209,Joshua,true,false,false,true,false,,,,,,,Luke 3:29,(Luke 3:29)
210,Eliezer,true,false,false,true,false,,,,,,,,"Eliezer

(1 Chronicles 7:8)"
211,Jorim,true,false,false,true,false,,,,,,,Luke 3:29,"Jorim

(Luke 3:29)"
212,Matthat,true,false,false,true,false,,,,,,,Luke 3:29,(Luke 3:29)
213,Levi,true,false,false,true,false,,,,,,,Luke 3:29,(Luke 3:29)
214,Simeon,true,false,false,true,false,,,,,,,Genesis 29:33,"Simeon

(Genesis 29:33, 1 Chronicles 2:1)

More details are available
at Psalm11918.org"
215,Judah,true,false,false,true,false,,,,,,Bath-shua the Canaanitess (1 Chronicles 2:3) and Tamar (1 Chronicles 2:4) (Genesis 29:35,Genesis 29:35,"Judah

Spouse: Bath-shua the Canaanitess (1 Chronicles 2:3) and Tamar (1 Chronicles 2:4)
 

(Genesis 29:35, 1 Chronicles 2:1)

More details are available
at Psalm11918.org"
216,Joseph,true,false,false,true,false,,,,,,,Luke 3:30,(Luke 3:30)
217,Jonam,true,false,false,true,false,,,,,,,Luke 3:30,"Jonam

(Luke 3:30)"
218,Eliakim,true,false,false,true,false,,,,,,,Luke 3:30,(Luke 3:30)
219,Melea,true,false,false,true,false,,,,,,,Luke 3:31,"Melea

(Luke 3:31)"
220,Menna,true,false,false,true,false,,,,,,,Luke 3:31,"Menna

(Luke 3:31)"
221,Mattatha,true,false,false,true,false,,,,,,,Luke 3:31,(Luke 3:31)
222,Nathan,true,false,false,true,false,,,,,,,,"Nathan

(1 Chronicles 2:36)"
223,Shobab,false,false,false,true,false,,,,,,,,"Shobab

(1 Chronicles 2:18)"
224,Shimea,false,false,false,true,false,,,,,,,,"Shimea

(1 Chronicles 6:29-30)"
225,Ithream,false,false,false,true,false,,,,,,,,"Ithream

(1 Chronicles 3:3)"
226,Shephatiah,false,false,false,true,false,,,,,,,,"Shephatiah

(1 Chronicles 3:3)"
227,Adinijah,false,false,false,true,false,,,,,,,,"Adinijah

(1 Chronicles 3:2)"
228,Absolom,false,false,false,true,false,,,,,,,,"Absolom

(1 Chronicles 3:1)"
229,Daniel,false,false,false,true,false,,,,,,,,"Daniel

(1 Chronicles 3:1)"
230,Ammon,false,false,false,true,false,,,,,,,,"Ammon

(1 Chronicles 3:1)"
231,David,true,false,false,true,false,,,,,,Ahinoam the Jezreelitess,1 Chr 3:2; 1 Chr 3:3; 1 Chr 3:5; Ruth 4:22,"David

Lived: 1070-1000 BCE (70 years)

Spouse: Ahinoam the Jezreelitess, Abigail the Carmelitess (1 Chronicles 3:1), Maacah, the daughter of Talmai king of Geshur (1 Chronicles 3:2), Haggith (1 Chr 3:2), Abital (1 Chr 3:3), Eglah (1 Chr 3:3), Bath-shua the daughter of Ammiel (1 Chr 3:5)
 

(Ruth 4:22, 1 Chronicles 2:15)"
232,Ozem,false,false,false,true,false,,,,,,,,"Ozem

(1 Chronicles 2:25)"
233,Raddai,false,false,false,true,false,,,,,,,,"Raddai

(1 Chronicles 2:14)"
234,Nethanel,false,false,false,true,false,,,,,,,,"Nethanel

(1 Chronicles 2:14)"
235,Shimea,false,false,false,true,false,,,,,,,,(1 Chronicles 2:13)
236,Abinadab,false,false,false,true,false,,,,,,,,(1 Chronicles 2:13)
237,Eliab,false,false,false,true,false,,,,,,,Numbers 26:8,"Eliab

(Numbers 26:8)"
238,Jesse,true,false,false,true,false,,,,,,,Ruth 4:22,"Jesse

(Ruth 4:22, 1 Chronicles 2:12)"
239,Obed,true,false,false,true,false,,,,,,,,"Obed

(1 Chronicles 2:37)"
240,Boaz,true,false,false,true,false,,,,,,,Ruth 4:21,"Boaz

(Ruth 4:21, 1 Chronicles 2:11)"
241,Salma (or Salmon),false,false,false,true,false,,,,,,,Ruth 4:20,"Salma (or Salmon)

(Ruth 4:20, 1 Chronicles 2:11)"
242,Nahshon,true,false,false,true,false,,,,,,,Ruth 4:20,"Nahshon

(Ruth 4:20, 1 Chronicles 2:10)"
243,Amminidab,false,false,false,true,false,,,,,,,Ruth 4:19,"Amminidab

(Ruth 4:19, 1 Chronicles 2:10)"
244,Ram (or Amram),false,false,false,true,false,,,,,,,Ruth 4:19,"Ram (or Amram)

(Ruth 4:19, 1 Chronicles 2:9)"
245,Jerahmeel,false,false,false,true,true,,,,,,,,"Jerahmeel

(1 Chronicles 24:29)"
246,Hezron,true,false,false,true,false,,,,,,,Genesis 46:9,"Hezron

(Genesis 46:9, 1 Chronicles 4:1, 1 Chronicles 5:3)"
247,Perez,true,false,false,true,false,,,,,,,Genesis 38:29; Genesis 46:12; Numbers 26:20,"Perez

(Genesis 38:29, Genesis 46:12, Numbers 26:20, 1 Chronicles 2:4, 1 Chronicles 4:1)Perez was the twin brother of Zerah. (Genesis 38:29-30)"
248,Jashubi-lehem,false,false,false,true,false,,,,,,,,"Jashubi-lehem

(1 Chronicles 4:22)"
249,Saraph,false,false,false,true,false,,,,,,,,"Saraph

(1 Chronicles 4:22)"
250,Joash,false,false,false,true,false,,,,,,,,(1 Chronicles 4:22)
251,Seraiah,false,false,false,true,false,,,,,,,,"Seraiah

(1 Chronicles 4:35)"
252,Othniel,false,false,true,true,true,,,,,,,Joshua 15:17; Judges 3:9; Judges 3:11,"Othniel

(Joshua 15:17, Judges 3:9)

Othniel judged Israel 40 years: 1409-1369 BCE (Judges 3:11)."
253,Kenaz,false,false,false,true,false,,,,,,,,"Kenaz

(1 Chronicles 4:15)"
254,Caleb,false,false,false,true,true,,,,". Ergo, it is likely Caleb is descended from Shelah",of Judah,,Numbers 13:6; Numbers 32:12; Genesis 15:18; Genesis 38:2,"Caleb

Lived: 1514-?? BCE (?? years)

Caleb is the son of Jephunneh (Numbers 13:6) who was a Kenizzite (Numbers 32:12) of the tribe of Judah (Numbers 13:6). Kenizzites were Canaanites (Genesis 15:18-21). Judah's first wife (Shua's daughter) was a Canaanite woman(Genesis 38:2, 12). She bore him Er, Onan, and Shelah (1 Chronicles 2:3) but Er and Onan died. Ergo, it is likely Caleb is descended from Shelah."
255,Jephunneh,false,false,false,true,false,,,,". Ergo, it is likely Caleb is descended from Shelah",of Judah,,Numbers 13:6; Numbers 32:12; Genesis 15:18; Genesis 28:2,"Jephunneh

Caleb is the son of Jephunneh (Numbers 13:6) who was a Kenizzite (Numbers 32:12) of the tribe of Judah (Numbers 13:6). Kenizzites were Canaanites (Genesis 15:18-21). Judah's first wife, Shua, was a Canaanite woman(Genesis 28:2, 12). She bore him Er, Onan, and Shelah (1 Chronicles 2:3) but Er and Onan died. Ergo, it is likely Caleb is descended from Shelah."
256,Cozeba,false,false,false,true,false,,,,,,,,"Cozeba

(1 Chronicles 4:22)"
257,Jokim,false,false,false,true,false,,,,,,,,"Jokim

(1 Chronicles 4:22)"
258,Laadah,false,false,false,true,true,,,,,,,,"Laadah

(1 Chronicles 4:21)"
259,Lacah,false,false,false,true,false,,,,,,,,"Lacah

(1 Chronicles 4:21)"
260,Er,true,false,false,true,false,,,,,,,,(1 Chronicles 4:21)
261,Shelah,true,false,false,true,false,,,,,,,Genesis 10:24; Luke 3:35,"Shelah

Lived: 2231-1798 BCE (433 years)

(Genesis 10:24, 1 Chronicles 1:18, Luke 3:35)"
262,Onan,false,false,false,true,false,,,,,,,Genesis 38:2; Genesis 46:12; Genesis 38:9; Genesis 38:10,"Onan

(Genesis 38:2-4, Genesis 46:12, 1 Chronicles 2:3, Genesis 38:9-10)

Onan did what was displeasing in the sight of the Lord, so He took his life. (Genesis 38:10)"
263,Er,true,false,false,true,false,,,,,,,Genesis 38:2; Genesis 46:12; Genesis 38:7,"(Genesis 38:2-3, Genesis 46:12, 1 Chronicles 2:3) Er was evil in the sight of the LORD, so the LORD took his life. (Genesis 38:7)"
264,Judah,true,false,false,true,false,,,,,,,Genesis 29:35,"(Genesis 29:35, 1 Chronicles 2:1) More details are available at Psalm11918.org"
265,Merari,false,false,false,true,true,,,,,,,Genesis 46:11; Exodus 6:16; Numbers 3:17; Numbers 3:35,"Merari

(Genesis 46:11, Exodus 6:16, Numbers 3:17, 1 Chronicles 2:1, 6:1, 6:16)

The families of the sons of Merari were to camp on the northward side of the tabernacle (Numbers 3:35)."
266,Uzziel,false,false,false,true,true,,,,,,,Exodus 6:18; Numbers 3:19,"(Exodus 6:18, Numbers 3:19, 1 Chronicles 6:2, 1 Chronicles 6:18, 1 Chronicles 23:12)"
267,Hebron,false,false,false,true,true,,,,,,,,"Hebron

(1 Chronicles 2:42)"
268,Zichri,false,false,false,true,false,,,,,,,,"Zichri

(1 Chronicles 8:19)"
269,Nepheg,false,false,false,true,false,,,,,,,Exodus 6:21,(Exodus 6:21)
270,Abiasaph,false,false,false,true,false,,,,,,,Exodus 6:24,"Abiasaph

(Exodus 6:24)"
271,Elkanah,false,false,false,true,false,,,,,,,Exodus 6:24,"Elkanah

(Exodus 6:24, 1 Chronicles: 6:22-23)"
272,Shaul,false,false,false,true,false,,,,,,,Genesis 46:10; Exodus 6:15,"Shaul

(Genesis 46:10, Exodus 6:15, 1 Chronicles 4:24)"
273,Uzziah,true,false,false,true,false,,,,,,,,"Uzziah

(1 Chronicles 6:24)"
274,Uriel,false,false,false,true,false,,,,,,,,"Uriel

(1 Chronicles 6:24)"
275,Ahimoth,false,false,false,true,false,,,,,,,,"Ahimoth

(1 Chronicles 6:25)"
276,Elkanah,false,false,false,true,false,,,,,,,,(1 Chronicles 6:27)
277,Jeroham,false,false,false,true,false,,,,,,,,"Jeroham

(1 Chronicles 6:34)"
278,Eliab,false,false,false,true,false,,,,,,,,(1 Chronicles 6:26-27)
279,Nahath,false,false,false,true,false,,,,,,,Genesis 36:13,"Nahath

(Genesis 36:13, 36:17, 1 Chronicles 1:37)"
280,Zophai,false,false,false,true,false,,,,,,,,"Zophai

(1 Chronicles 6:26)"
281,Heman,false,false,false,true,false,,,,,,,,"Heman

(1 Kings 4:31, 1 Chronicles 2:6)"
282,Joel,false,false,false,true,false,,,,,,,,"Joel

(1 Chronicles 4:35)"
283,Samuel,false,false,true,true,false,,,,,,,,"Samuel

(1 Chronicles 7:2)"
284,Elkanah,false,false,false,true,false,,,,,,,,(1 Chronicles 6:33-34)
285,Jeroham,false,false,false,true,false,,,,,,,,(1 Chronicles 6:34)
286,Eliel,false,false,false,true,false,,,,,,,,"Eliel

(1 Chronicles 8:20)"
287,Toah,false,false,false,true,false,,,,,,,,"Toah

(1 Chronicles 6:34-35)"
288,Zuph,false,false,false,true,false,,,,,,,,"Zuph

(1 Chronicles 6:35)"
289,Elkanah,false,false,false,true,false,,,,,,,,(1 Chronicles 6:35)
290,Mahath,false,false,false,true,false,,,,,,,,(1 Chronicles 6:35)
291,Amasai,false,false,false,true,false,,,,,,,,"Amasai

(1 Chronicles 6:35-36)"
292,Elkanah,false,false,false,true,false,,,,,,,,(1 Chronicles 6:35-36)
293,Joel,false,false,false,true,false,,,,,,,,(1 Chronicles 6:36)
294,Azariah,true,false,false,true,false,,,,,,,,"Azariah

(1 Chronicles 2:38)"
295,Zephaniah,false,false,false,true,false,,,,,,,,"Zephaniah

(1 Chronicles 6:36-37)"
296,Tahath,false,false,false,true,false,,,,,,,,"Tahath

(1 Chronicles 7:20)"
297,Assir,false,false,false,true,false,,,,,,,Exodus 6:24,"Assir

(Exodus 6:24, 1 Chronicles 6:22)"
298,Abiasaph (or Ebiasaph),false,false,false,true,false,,,,,,,Exodus 6:24,"Abiasaph (or Ebiasaph)

(Exodus 6:24, 1 Chronicles: 6:23, 1 Chronicles 6:37)"
299,Elkanah,false,false,false,true,false,,,,,,,Exodus 6:24,"(Exodus 6:24, 1 Chronicles: 6:22-23)"
300,Assir,false,false,false,true,false,,,,,,,Exodus 6:24,"(Exodus 6:24, 1 Chronicles 6:22)"
301,Korah,false,false,false,true,false,,,,,,,,"Korah

(1 Chronicles 2:43)"
302,Izhar (or Amminadab),false,false,false,true,false,,,,,,,Exodus 6:18; Numbers 3:19,"Izhar (or Amminadab)

(Exodus 6:18, Numbers 3:19, 1 Chronicles 6:22, 1 Chronicles 6:18, 1 Chronicles 23:12)"
303,Shelomoth,false,false,false,true,false,,,,,,,,"Shelomoth

(1 Chronicles 26:24-25)

Shelomoth and his relatives were the treasurers of the Tabernacle over anything that was dedicated to the LORD during the days of Samuel the Seer and King Saul. (1 Chronicles 26:28)"
304,Zichri,false,false,false,true,false,,,,,,,,(1 Chronicles 26:24-25)
305,Joram,true,false,false,true,false,,,,,,,,(1 Chronicles 26:24-25)
306,Jeshaiah (Isaiah),false,false,false,true,false,,,,,,,,"Jeshaiah (Isaiah)

(1 Chronicles 26:24-25)"
307,Rehabiah,false,false,false,true,false,,,,,,,,"Rehabiah

(1 Chronicles 26:24-25)"
308,Eliezer,true,false,false,true,false,,,,,,,Exodus 2:22; Exodus 18:3,"(Exodus 2:22, Exodus 18:3, 1 Chronicles 23:15)"
309,Shebuel,false,false,false,true,false,,,,,,,,"Shebuel

(1 Chronicles 26:25)"
310,Gershom,false,false,false,true,false,,,,,,,Exodus 2:22; Exodus 18:3,"Gershom

(Exodus 2:22, Exodus 18:3, 1 Chronicles 23:15)"
311,Moses,false,false,false,true,false,,,,,,,Exodus 6:20; Numbers 26:59; Numbers 3:38,"Moses

Lived: 1556-1436 BCE (120 years)

(Exodus 6:20, Numbers 26:59, 1 Chronicles 6:3, 1 Chronicles 23:13)

Moses, Aaron, and his sons were to camp before the tabernacle eastward, toward the sunrise (Numbers 3:38)."
312,Miriam,false,false,false,true,false,,,,,,,Exodus 15:20; Exodus 6:20; Numbers 26:59,"Miriam

(Exodus 15:20, Exodus 6:20, Numbers 26:59, 1 Chronicles 6:3, 1 Chronicles 23:13)"
313,Ithamar,false,false,false,true,false,,,,,,,Exodus 6:23; Numbers 3:2; Numbers 26:60; Numbers 3:38,"Ithamar

(Exodus 6:23, Numbers 3:2, Numbers 26:60, 1 Chronicles 6:3, 1 Chronicles 24:1)

Moses, Aaron, and his sons were to camp before the tabernacle eastward, toward the sunrise (Numbers 3:38)."
314,Ezra,false,false,false,true,false,,,,,,,Ezra 7:1,"Ezra

(Ezra 7:1)Ezra was the priest who returned to Jerusalem after the Babylonian captivity and recorded the events in the book of the Bible named Ezra."
315,Joshua,true,false,false,true,false,,,,,,,Haggai 1:1; Haggai 1:12; Zechariah 6:11,"(Haggai 1:1, Haggai 1:12, Zechariah 6:11)"
316,Jehozadak,false,false,false,true,false,,,,,,,Haggai 1:1,"Jehozadak

(1 Chronicles 6:14)

Jehozadak was high priest (Haggai 1:1) when Judah and Jerusalem were carried away into exile by Nebuchadnezzar (1 Chronicles 6:15)."
317,Seraiah,false,false,false,true,false,,,,,,,Ezra 7:1,"(1 Chronicles 6:14, Ezra 7:1)"
318,Azariah,true,false,false,true,false,,,,,,,Ezra 7:1,"(1 Chronicles 6:13, Ezra 7:1)"
319,Hilkiah,false,false,false,true,false,,,,,,,,"Hilkiah

(1 Chronicles 6:45-46)"
320,Shallum,false,false,false,true,false,,,,,,,Ezra 7:1,"(1 Chronicles 6:12, Ezra 7:1-2)"
321,Zadok,true,false,false,true,false,,,,,,,,"Zadok

(1 Chronicles 6:8, 6:53)"
322,Ahitub,false,false,false,true,false,,,,,,,,"(1 Chronicles 6:7, 6:52)"
323,Amariah,false,false,false,true,false,,,,,,,,"Amariah

(1 Chronicles 23:19, 1 Chronicles 24:23)"
324,Azariah,true,false,false,true,false,,,,,,,Ezra 7:3,"(1 Chronicles 6:10, Ezra 7:3)"
325,Johanan,false,false,false,true,false,,,,,,,,"Johanan

(1 Chronicles 3:24)"
326,Azariah,true,false,false,true,false,,,,,,,Ezra 7:3,"(1 Chronicles 6:9, Ezra 7:3)"
327,Ahimaaz,false,false,false,true,false,,,,,,,,"Ahimaaz

(1 Chronicles 6:8, 6:53)"
328,Zadok,true,false,false,true,false,,,,,,,,"(1 Chronicles 6:8, 6:53)"
329,Ahitub,false,false,false,true,false,,,,,,,,"(1 Chronicles 6:7, 6:52)"
330,Amariah,false,false,false,true,false,,,,,,,Ezra 7:3,"(1 Chronicles 6:7, 6:52, Ezra 7:3)"
331,Meraioth,false,false,false,true,false,,,,,,,Ezra 7:3,"Meraioth

(1 Chronicles 6:6, 6:52, Ezra 7:3-4)"
332,Zerahiah,false,false,false,true,false,,,,,,,Ezra 7:4,"Zerahiah

(1 Chronicles 6:6, 6:51, Ezra 7:4)"
333,Uzzi,false,false,false,true,false,,,,,,,Ezra 7:4,"(1 Chronicles 6:5, 6:51, Ezra 7:4)"
334,Bukki,false,false,false,true,false,,,,,,,Ezra 7:4,"Bukki

(1 Chronicles 6:5, 6:51, Ezra 7:4-5)"
335,Abishua,false,false,false,true,false,,,,,,,Ezra 7:5,"(1 Chronicles 6:4, 1 Chronicles 6:50, Ezra 7:5)"
336,Phinehas,false,false,false,true,false,,,,,,,Exodus 6:25; Numbers 25:7; Ezra 7:5; Numbers 25:11,"(Exodus 6:25, Numbers 25:7-8, 1 Chronicles 6:50, Ezra 7:5) The LORD gave Phinehas His covenant of peace- covenant of a perpetual priesthood (Numbers 25:11-13)"
337,Eleazar,true,false,false,true,false,,,,,,,Exodus 6:23; Numbers 3:2; Numbers 26:60; Ezra 7:5; Numbers 3:38,"(Exodus 6:23, Numbers 3:2, Numbers 26:60, 1 Chronicles 6:3, 6:50, 24:1, Ezra 7:5) Moses, Aaron, and his sons were to camp before the tabernacle eastward, toward the sunrise (Numbers 3:38)."
338,Abihu,false,false,false,true,false,,,,,,,Exodus 6:23; Numbers 3:2; Numbers 26:60,"Abihu

(Exodus 6:23, Numbers 3:2, Numbers 26:60, 1 Chronicles 6:3, 1 Chronicles 24:1-2)"
339,Nadab,false,false,false,true,false,,,,,,,Exodus 6:23; Numbers 3:2; Numbers 26:60,"(Exodus 6:23, Numbers 3:2, Numbers 26:60, 1 Chronicles 6:3, 1 Chronicles 24:1-2)"
340,Aaron,false,false,false,true,false,,,,,,,Exodus 6:20; Numbers 26:59; Numbers 3:38,"Aaron

Lived: 1559-1436 BCE (123 years)

(Exodus 6:20, Numbers 26:59, 1 Chronicles 6:3, 1 Chronicles 23:13)

Moses, Aaron, and his sons were to camp before the tabernacle eastward, toward the sunrise (Numbers 3:38)."
341,Amram,true,false,false,true,false,,,,,,,Exodus 6:18; Numbers 3:19,"Amram

Lived: 1668-1531 BCE (133 years)

(Exodus 6:18, Numbers 3:19, 1 Chronicles 6:2, 1 Chronicles 6:18, 1 Chronicles 23:12)"
342,Kohath,false,false,false,true,false,,,,,,,Genesis 46:11; Exodus 6:16; Numbers 3:17; Numbers 3:29,"Kohath

Lived: 1687-1554 BCE (133 years)

(Genesis 46:11, Exodus 6:16, Numbers 3:17, 1 Chronicles 2:1, 6:1, 6:16)

The families of the sons of Kohath were to camp on the southward side of the tabernacle (Numbers 3:29)."
343,Jochebed,false,false,false,true,false,,,,,,,Exodus 6:20; Numbers 26:59,"Jochebed

(Exodus 6:20, Numbers 26:59)"
344,Shimei,false,false,false,true,false,,,,,,,,"Shimei

(1 Chronicles 5:4)"
345,Jeatherai,false,false,false,true,false,,,,,,,,"Jeatherai

(1 Chronicles 6:21)"
346,Zerah,false,false,false,true,false,,,,,,,,(1 Chronicles 6:21)
347,Iddo,false,false,false,true,false,,,,,,,,"Iddo

(1 Chronicles 6:21)"
348,Joah,false,false,false,true,false,,,,,,,,"Joah

(1 Chronicles 6:20-21)"
349,Zimmah,false,false,false,true,false,,,,,,,,"Zimmah

(1 Chronicles 6:20, 1 Chronicles 6:42)"
350,Asaph,false,false,false,true,false,,,,,,,,"Asaph

(1 Chronicles 6:39)"
351,Berechiah,false,false,false,true,false,,,,,,,,"Berechiah

(1 Chronicles 3:20)"
352,Shimea,false,false,false,true,false,,,,,,,,(1 Chronicles 6:39)
353,Michael,false,false,false,true,false,,,,,,,,"Michael

(1 Chronicles 7:3)"
354,Baaseiah,false,false,false,true,false,,,,,,,,"Baaseiah

(1 Chronicles 6:40)"
355,Malchijah,false,false,false,true,false,,,,,,,,"Malchijah

(1 Chronicles 6:40)"
356,Ethni,false,false,false,true,false,,,,,,,,(1 Chronicles 6:41)
357,Zerah,false,false,false,true,false,,,,,,,,(1 Chronicles 6:41)
358,Adaiah,false,false,false,true,false,,,,,,,,"Adaiah

(1 Chronicles 8:21)"
359,Ethan,false,false,false,true,false,,,,,,,,"Ethan

(1 Chronicles 6:44)"
360,Zimmah,false,false,false,true,false,,,,,,,,"(1 Chronicles 6:20, 1 Chronicles 6:42)"
361,Shimei,false,false,false,true,false,,,,,,,,"(1 Chronicles 6:20, 1 Chronicles 6:42)"
362,Jahath,false,false,false,true,false,,,,,,,,"Jahath

(1 Chronicles 4:2)"
363,Libni,false,false,false,true,false,,,,,,,,"Libni

(1 Chronicles 6:29)"
364,Gershon (Gershom),false,false,false,true,false,,,,,,,Genesis 46:11; Exodus 6:16; Numbers 3:17; Numbers 3:23,"Gershon (Gershom)

(Genesis 46:11, Exodus 6:16, Numbers 3:17, 1 Chronicles 2:1, 6:1, 6:16, 6:43)

The families of the Gershonites were to camp behind the tabernacle westward (Numbers 3:23)."
365,Levi,true,false,false,true,false,,,,,,,Genesis 29:34,"(Genesis 29:34, 1 Chronicles 2:1) More details are available at Psalm11918.org"
366,Simeon,true,false,false,true,true,,,,,,,Genesis 29:33,"(Genesis 29:33, 1 Chronicles 2:1) More details are available at Psalm11918.org"
367,Reuben,false,false,false,true,true,,,,,,,Genesis 29:32,"Reuben

(Genesis 29:32, 1 Chronicles 2:1, 1 Chronicles 5:1)

More details are available
at Psalm11918.org"
368,Jacob/Israel,false,false,false,true,false,,,,,,Leah (Genesis 29:23) Rachel (Genesis 29:28) (Genesis 21:26,Genesis 29:23; Genesis 29:28; Genesis 21:26; Luke 3:34; Genesis 49:33; Genesis 32:28,"Jacob/Israel

Lived: 1816-1669 BCE (147 years)

Spouse: Leah (Genesis 29:23)
Rachel (Genesis 29:28)
 

(Genesis 21:26, 1 Chronicles 1:34, Luke 3:34, Genesis 49:33)

G-d changed Jacob's name to Israel (Genesis 32:28)."
369,Korah,false,false,false,true,false,,,,,,,Genesis 36:5,"(Genesis 36:5, 1 Chronicles 1:35)"
370,Jalam,false,false,false,true,false,,,,,,,Genesis 36:5,"Jalam

(Genesis 36:5, 1 Chronicles 1:35)"
371,Jeush,false,false,false,true,false,,,,,,,,"Jeush

(1 Chronicles 7:10)"
372,Reuel,false,false,false,true,true,,,,,,,Genesis 36:4,"Reuel

(Genesis 36:4, 1 Chronicles 1:35)"
373,Amalekites,false,false,false,true,false,,,,,,,Deuteronomy 25:17,"Amalekites

There is a commandment to remember what Amalek did to Israel and to blot out their name from under heaven. (Deuteronomy 25:17-19)"
374,Amalek,false,false,false,true,false,,,,,,,Genesis 36:12,"Amalek

(Genesis 36:12, 15-16, 1 Chronicles 1:36)"
375,Timna,false,false,false,true,false,,,,,,,,"Timna

(1 Chronicles 1:36)"
376,Kenaz,false,false,false,true,false,,,,,,,Genesis 36:11,"(Genesis 36:11, 15-16, 1 Chronicles 1:36)"
377,Gatam,false,false,false,true,false,,,,,,,Genesis 36:11,"Gatam

(Genesis 36:11, 15-16, 1 Chronicles 1:36)"
378,Zepho (or Zephi),false,false,false,true,false,,,,,,,Genesis 36:11,"Zepho (or Zephi)

(Genesis 36:11, 15-16, 1 Chronicles 1:36)"
379,Omar,false,false,false,true,false,,,,,,,Genesis 36:11,"Omar

(Genesis 36:11, 15-16, 1 Chronicles 1:36)"
380,Teman,false,false,false,true,false,,,,,,,Genesis 36:11,"Teman

(Genesis 36:11, 15-16, 1 Chronicles 1:36)"
381,Eliphaz,false,false,false,true,false,,,,,,,Genesis 36:4,"Eliphaz

(Genesis 36:4, 1 Chronicles 1:35)"
382,Esau (Edom),false,false,false,true,false,,,,,,Judith-Oholibamah (Genesis 26:34,Genesis 26:34; Genesis 28:9; Genesis 25:25; Genesis 25:23,"Esau (Edom)

Lived: 1816-?? BCE (?? years)

Spouse: Judith-Oholibamah (Genesis 26:34, 36:2)
Basemath-Adah (Genesis 26:34, 36:2)
Mahalath (Genesis 28:9)
 

(Genesis 25:25, 1 Chronicles 1:34)

G-d declared that Esau would serve his younger twin brother, Jacob, before they were born (Genesis 25:23)."
383,Isaac,true,false,false,true,false,,,,,,Rebekah (Genesis 25:20) (Genesis 21:5,Genesis 25:20; Genesis 21:5; Luke 3:34; Genesis 35:28; Genesis 17:19,"Isaac

Lived: 1876-1696 BCE (180 years)

Spouse: Rebekah (Genesis 25:20)
 

(Genesis 21:5, 1 Chronicles 1:34, Luke 3:34, Genesis 35:28-29)

G-d named Isaac before he was even born (Genesis 17:19)."
384,Ishmael,false,false,false,true,true,,,,,,,Genesis 16:16; Genesis 25:17; Genesis 21:20,"(Genesis 16:16, 1 Chronicles 1:28, Genesis 25:17) Ishmael became an archer (Genesis 21:20)."
385,Abram/Abraham,false,false,false,true,false,,,1948 years from the creation of the world,,,Sarai/Sarah (Genesis 11:29,Genesis 11:29; Genesis 11:26; Luke 3:34; Genesis 25:7; Genesis 17:5; Genesis 14:13,"Abram/Abraham

Lived: 1976-1801 BCE (175 years)

Spouse: Sarai/Sarah (Genesis 11:29, 17:15)
 

(Genesis 11:26, 1 Chronicles 1:26-27, Luke 3:34, Genesis 25:7-10)

G-d renamed Abram to Abraham (Genesis 17:5).

Abram was the first person called 'Hebrew' in the Bible (Genesis 14:13).

Abram was born 1948 years from the creation of the world."
386,Ammonites,false,false,false,true,false,,,,,,,Genesis 19:38,"Ammonites

(Genesis 19:38)"
387,Ben Ammi,false,false,false,true,false,,,,,,,Genesis 19:38,"Ben Ammi

(Genesis 19:38)"
388,Moabites,false,false,false,true,false,,,,,,,Genesis 19:37,"Moabites

(Genesis 19:37)"
389,Moab,false,false,false,true,false,,,,,,,Genesis 19:37,"Moab

(Genesis 19:37)"
390,Lot,false,false,false,true,false,,,,,,,Genesis 11:27; Genesis 19:29,"Lot

(Genesis 11:27)

Lot and his family were the only ones saved from the destruction of Sodom and Gomorrah (Genesis 19:29)"
391,Haran,false,false,false,true,false,,,,,,,,"Haran

(1 Chronicles 2:46)"
392,Terah,true,false,false,true,false,,,,,,,Genesis 11:24; Luke 3:34; Genesis 11:32,"Terah

Lived: 2046-1841 BCE (205 years)

(Genesis 11:24, 1 Chronicles 1:25-26, Luke 3:34, Genesis 11:32)"
393,Nahor,true,false,false,true,false,,,,,,,Genesis 11:22; Luke 3:34; Genesis 11:24,"(Genesis 11:22, 1 Chronicles 1:25-26, Luke 3:34-35, Genesis 11:24-25)"
394,Serug,true,false,false,true,false,,,,,,,Genesis 11:20; Luke 3:35; Genesis 11:22,"Serug

Lived: 2105-1875 BCE (230 years)

(Genesis 11:20, 1 Chronicles 1:25-26, Luke 3:35, Genesis 11:22-23)"
395,Reu,true,false,false,true,false,,,,,,,Genesis 10:25; Luke 3:35; Genesis 11:20,"Reu

Lived: 2137-1898 BCE (239 years)

(Genesis 10:25, 1 Chronicles 1:24-25, Luke 3:35, Genesis 11:20-21)"
396,Peleg,true,false,false,true,false,,,after the Flood,,,,Genesis 10:25; Luke 3:35; Genesis 11:18,"Peleg

Lived: 2167-1928 BCE (239 years)

(Genesis 10:25, 1 Chronicles 1:19, Luke 3:35, Genesis 11:18-19)

The first person of Scripture's genealogies to die after the Flood was someone born after the Flood: Peleg."
397,Joktan,false,false,false,true,true,,,,,,,Genesis 10:25,"Joktan

(Genesis 10:25, 1 Chronicles 1:19)"
398,Eber (or Heber),false,false,false,true,false,,,,,,,Genesis 10:24; Luke 3:35; Genesis 11:17; Genesis 14:13,"Eber (or Heber)

Lived: 2201-1737 BCE (464 years)

(Genesis 10:24, 1 Chronicles 1:18, Luke 3:35, Genesis 11:17-18)

Eber/Heber is the person who became the father of the Hebrews. Abram was the first to be called a Hebrew in Scripture (Genesis 14:13)."
399,Shelah,true,false,false,true,false,,,,,,,Genesis 10:24; Luke 3:35,"(Genesis 10:24, 1 Chronicles 1:18, Luke 3:35)"
400,Arpachshad (or Arphaxad),false,false,false,true,false,,,,,,,Genesis 10:22; Luke 3:36,"Arpachshad (or Arphaxad)

Lived: 2266-1828 BCE (438 years)

(Genesis 10:22, 1 Chronicles 1:17, Luke 3:36)"
401,Asshur,false,false,false,true,false,,,,,,,Genesis 10:22,"Asshur

(Genesis 10:22, 1 Chronicles 1:17)"
402,Elam,false,false,false,true,false,,,,,,,,"Elam

(1 Chronicles 8:24)"
403,Shem,true,false,false,true,false,,,,,,,Genesis 5:32; Luke 3:36; Genesis 11:10; Genesis 10:21; Genesis 9:22,"Shem

Lived: 2366-1766 BCE (600 years)

(Genesis 5:32, 1 Chronicles 1:4, Luke 3:36)(Genesis 11:10-11)

Shem was the oldest of Noah's sons (Shem is older than Japheth- Genesis 10:21, Ham is the youngest son- Genesis 9:22-24)"
404,Noah,true,false,false,true,false,,,,,,,Numbers 27:1,"Noah

(Numbers 27:1)"
405,Lamech,true,false,false,true,false,,,,,,Adah and Zillah (Genesis 4:19) (Genesis 4:18),Genesis 4:19; Genesis 4:18,"Lamech

Spouse: Adah and Zillah (Genesis 4:19)
 

(Genesis 4:18)"
406,Methuselah,true,false,false,true,false,,,,,,,Genesis 5:21; Luke 3:37; Genesis 5:27,"Methuselah

Lived: 3237-2268 BCE (969 years)

(Genesis 5:21, 1 Chronicles 1:2, Luke 3:37, Genesis 5:27)"
407,Enoch,true,false,false,true,false,,,,,,,Genesis 4:17,"Enoch

(Genesis 4:17)"
408,Jared,true,false,false,true,false,,,,,,,Genesis 5:15; Luke 3:37; Genesis 5:20,"Jared

Lived: 3464-2502 BCE (962 years)

(Genesis 5:15, 1 Chronicles 1:2, Luke 3:37, Genesis 5:20)"
409,Mahalalel,true,false,false,true,false,,,,,,,Genesis 5:12; Luke 3:37; Genesis 5:17,"Mahalalel

Lived: 3529-2634 BCE (895 years)

(Genesis 5:12, Luke 3:37, Genesis 5:17)"
410,Kenan,true,false,false,true,false,,,,,,,Genesis 4:26; Genesis 5:14,"Kenan

Lived: 3599-2689 BCE (910 years)

(Genesis 4:26, 1 Chronicles 1:2, Genesis 5:14)"
411,Enosh,true,false,false,true,false,,,,,,,Genesis 4:26; Luke 3:38; Genesis 5:11,"Enosh

Lived: 3689-2784 BCE (905 years)

(Genesis 4:26, 1 Chronicles 1:1, Luke 3:38, Genesis 5:11)"
412,Seth,true,false,false,true,false,,,,,,,Genesis 4:25; Luke 3:38; Genesis 5:8,"Seth

Lived: 3794-2882 BCE (912 years)

(Genesis 4:25, 1 Chronicles 1:1, Luke 3:38, Genesis 5:8)"
413,Lamech,true,false,false,true,true,,,,,,,Genesis 4:18,(Genesis 4:18)
414,Methushael,false,false,false,true,false,,,,,,,Genesis 4:18,"Methushael

(Genesis 4:18)"
415,Mehujael,false,false,false,true,false,,,,,,,Genesis 4:18,"Mehujael

(Genesis 4:18)"
416,Irad,false,false,false,true,false,,,,,,,Genesis 4:18,"Irad

(Genesis 4:18)"
417,Enoch,true,false,false,true,false,,,,,,,Genesis 4:17,(Genesis 4:17)
418,Cain,false,false,false,true,false,,,,,,,Genesis 4:1; Genesis 4:16,"Cain

(Genesis 4:1, Genesis 4:16)"
419,Abel,false,false,false,true,false,,,,,,,Genesis 4:2; Genesis 4:8,"Abel

(Genesis 4:2, Genesis 4:8)"
420,Adam,true,false,false,true,false,,,,,,Eve (Genesis 3:20) Adam was created by G-d on the sixth day (Genesis 2:19,Genesis 3:20; Genesis 2:19; Genesis 5:5,"Adam

Lived: 3924-2994 BCE (930 years)

Spouse: Eve (Genesis 3:20)
 

Adam was created by G-d on the sixth day (Genesis 2:19, Genesis 5:5)"
421,Hamathites,false,false,false,false,false,,,,,,,Genesis 10:15,"Hamathites

(Genesis 10:15-16, 1 Chronicles 1:13-14)"
422,Zemarites,false,false,false,false,false,,,,,,,Genesis 10:15,"Zemarites

(Genesis 10:15-16, 1 Chronicles 1:13-14)"
423,Arvadites,false,false,false,false,false,,,,,,,Genesis 10:15,"Arvadites

(Genesis 10:15-16, 1 Chronicles 1:13-14)"
424,Sinites,false,false,false,false,false,,,,,,,Genesis 10:15,"Sinites

(Genesis 10:15-16, 1 Chronicles 1:13-14)"
425,Arkites,false,false,false,false,false,,,,,,,Genesis 10:15,"Arkites

(Genesis 10:15-16, 1 Chronicles 1:13-14)"
426,Oholibama,false,false,false,false,false,,,,,,,Genesis 36:2,"Oholibama

(Genesis 36:2)"
427,Anah,false,false,false,false,false,,,,,,,Genesis 36:2,"Anah

(Genesis 36:2)"
428,Zibeon,false,false,false,false,false,,,,,,,Genesis 36:2,"Zibeon

(Genesis 36:2)"
429,Hivites,false,false,false,false,false,,,,,,,Genesis 10:15,"Hivites

(Genesis 10:15-16, 1 Chronicles 1:13-14)"
430,Girgashites,false,false,false,false,false,,,,,,,Genesis 10:15,"Girgashites

(Genesis 10:15-16, 1 Chronicles 1:13-14)"
431,Amorites,false,false,false,false,false,,,,,,,Genesis 10:15,"Amorites

(Genesis 10:15-16, 1 Chronicles 1:13-14)"
432,Jebusites,false,false,false,false,false,,,,,,,Genesis 10:15,"Jebusites

(Genesis 10:15-16, 1 Chronicles 1:13-14)"
433,Judith,false,false,false,false,false,,,,,,,Genesis 26:34,"Judith

(Genesis 26:34)"
434,Beeri,false,false,false,false,false,,,,,,,Genesis 26:34,"Beeri

(Genesis 26:34)"
435,Adah,false,false,false,false,false,,,,,,,Genesis 36:2,"Adah

(Genesis 36:2)"
436,Elon,false,false,true,false,false,,,,,,,Genesis 46:14,"Elon

(Genesis 46:14)"
437,Hittites,false,false,false,false,false,,,,,,,Genesis 23:10,"Hittites

(Genesis 23:10)"
438,Heth,false,false,false,false,false,,,,,,,Genesis 10:15,"Heth

(Genesis 10:15, 1 Chronicles 1:13-14)"
439,Sidon,false,false,false,false,false,,,,,,,Genesis 10:15,"Sidon

(Genesis 10:15, 1 Chronicles 1:13-14)"
440,Caphtorim,false,false,false,false,false,,,,,,,,Caphtorim
441,Caphtor,false,false,false,false,false,,,,,,,Genesis 10:14,"Caphtor

(Genesis 10:14, 1 Chronicles 1:12)"
442,Philistines,false,false,false,false,false,,,,,,,Genesis 10:14,"Philistines

(Genesis 10:14, 1 Chronicles 1:12)"
443,Casluh,false,false,false,false,false,,,,,,,Genesis 10:14,"Casluh

(Genesis 10:14, 1 Chronicles 1:12)"
444,Pathrusim,false,false,false,false,false,,,,,,,,Pathrusim
445,Pathrus,false,false,false,false,false,,,,,,,Genesis 10:14,"Pathrus

(Genesis 10:14, 1 Chronicles 1:12)"
446,Naphtuhim,false,false,false,false,false,,,,,,,,Naphtuhim
447,Naphtuh,false,false,false,false,false,,,,,,,Genesis 10:13,"Naphtuh

(Genesis 10:13, 1 Chronicles 1:11)"
448,Lehabim,false,false,false,false,false,,,,,,,,Lehabim
449,Lehab,false,false,false,false,false,,,,,,,Genesis 10:13,"Lehab

(Genesis 10:13, 1 Chronicles 1:11)"
450,Anamim,false,false,false,false,false,,,,,,,,Anamim
451,Anam,false,false,false,false,false,,,,,,,Genesis 10:13,"Anam

(Genesis 10:13, 1 Chronicles 1:11)"
452,Ludim,false,false,false,false,false,,,,,,,,Ludim
453,Lud,false,false,false,false,false,,,,,,,Genesis 10:13,"(Genesis 10:13, 1 Chronicles 1:11)"
454,Nimrod,false,false,false,false,false,,,,,,,Genesis 10:8; Micah 5:6,"Nimrod

(Genesis 10:8-9, 1 Chronicles 1:10)

Nimrod became a 'mighty one' on the earth. The nation of Nimrod became Assyria. (Micah 5:6)"
455,Sabteca,false,false,false,false,false,,,,,,,Genesis 10:7,"Sabteca

(Genesis 10:7, 1 Chronicles 1:9)"
456,Dedan,false,false,false,false,false,,,,,,,Genesis 25:3,"Dedan

(Genesis 25:3)"
457,Sheba,false,false,false,false,false,,,,,,,Genesis 10:26,"Sheba

(Genesis 10:26-29, 1 Chronicles 1:20-23)"
458,Raamah,false,false,false,false,false,,,,,,,Genesis 10:7,"Raamah

(Genesis 10:7, 1 Chronicles 1:9)"
459,Sabtah,false,false,false,false,false,,,,,,,Genesis 10:7,"Sabtah

(Genesis 10:7, 1 Chronicles 1:9)"
460,Havilah,false,false,false,false,false,,,,,,,Genesis 10:26,"Havilah

(Genesis 10:26-29, 1 Chronicles 1:20-23)"
461,Seba,false,false,false,false,false,,,,,,,Genesis 10:7,"Seba

(Genesis 10:7, 1 Chronicles 1:9)"
462,Tiras,false,false,false,false,false,,,,,,,Genesis 10:2,"Tiras

(Genesis 10:2, 1 Chronicles 1:5)"
463,Meshech,false,false,false,false,false,,,,,,,Genesis 10:2,"Meshech

(Genesis 10:2, 1 Chronicles 1:5)"
464,Tubal,false,false,false,false,false,,,,,,,Genesis 10:2,"Tubal

(Genesis 10:2, 1 Chronicles 1:5)"
465,Javan,false,false,false,false,true,,,,,,,Genesis 10:2,"Javan

(Genesis 10:2, 1 Chronicles 1:5)"
466,Madai,false,false,false,false,false,,,,,,,Genesis 10:2,"Madai

(Genesis 10:2, 1 Chronicles 1:5)"
467,Magog,false,false,false,false,false,,,,,,,Genesis 10:2,"Magog

(Genesis 10:2, 1 Chronicles 1:5)"
468,Gomer,false,false,false,false,true,,,,,,,Genesis 10:2,"Gomer

(Genesis 10:2, 1 Chronicles 1:5)"
469,Mash (or Meshech),false,false,false,false,false,,,,,,,Genesis 10:23,"Mash (or Meshech)

(Genesis 10:23, 1 Chronicles 1:17)"
470,Gether,false,false,false,false,false,,,,,,,Genesis 10:23,"Gether

(Genesis 10:23, 1 Chronicles 1:17)"
471,Hul,false,false,false,false,false,,,,,,,Genesis 10:23,"Hul

(Genesis 10:23, 1 Chronicles 1:17)"
472,Uz,false,false,false,false,false,,,,,,,Genesis 10:23,"(Genesis 10:23, 1 Chronicles 1:17)"
473,Aram,true,false,false,false,false,,,,,,,Genesis 22:21,(Genesis 22:21)
474,Eldaah,false,false,false,false,false,,,,,,,Genesis 25:4,"Eldaah

(Genesis 25:4)"
475,Abidah,false,false,false,false,false,,,,,,,Genesis 25:4,"Abidah

(Genesis 25:4)"
476,Hanoch,false,false,false,false,false,,,,,,,Genesis 46:9,"Hanoch

(Genesis 46:9, 1 Chronicles 5:3)"
477,Epher,false,false,false,false,false,,,,,,,Genesis 25:4,"Epher

(Genesis 25:4)"
478,Ephah,false,false,false,false,false,,,,,,,,"Ephah

(1 Chronicles 2:47)Jahdai being one of Caleb's concubines/wives."
479,Leummim,false,false,false,false,false,,,,,,,Genesis 25:3,"Leummim

(Genesis 25:3)"
480,Letushim,false,false,false,false,false,,,,,,,Genesis 25:3,"Letushim

(Genesis 25:3)"
481,Asshurim,false,false,false,false,false,,,,,,,Genesis 25:3,"Asshurim

(Genesis 25:3)"
482,Dedan,false,false,false,false,false,,,,,,,Genesis 25:3,(Genesis 25:3)
483,Sheba,false,false,false,false,false,,,,,,,Genesis 25:3,(Genesis 25:3)
484,Ahishahar,false,false,false,false,false,,,,,,,,"Ahishahar

(1 Chronicles 7:10)"
485,Tarshish,false,false,false,false,false,,,,,,,Genesis 10:4,"Tarshish

(Genesis 10:4, 1 Chronicles 1:7)"
486,Zethan,false,false,false,false,false,,,,,,,,"Zethan

(1 Chronicles 7:10)"
487,Chenaanah,false,false,false,false,false,,,,,,,,"Chenaanah

(1 Chronicles 7:10)"
488,Ehud,false,false,true,false,false,,,,,,,,(1 Chronicles 7:10)
489,Benjamin,false,false,false,false,false,,,,,,,,(1 Chronicles 7:10)
490,Jeush,false,false,false,false,false,,,,,,,,(1 Chronicles 7:10)
491,Bilhan,false,false,false,false,false,,,,,,,,"Bilhan

(1 Chronicles 7:10)"
492,Alemeth,false,false,false,false,false,,,,,,,,(1 Chronicles 7:8)
493,Anathoth,false,false,false,false,false,,,,,,,,"Anathoth

(1 Chronicles 7:8)"
494,Abijah,true,false,false,false,false,,,,,,,,(1 Chronicles 7:8)
495,Jeremoth,false,false,false,false,false,,,,,,,,"Jeremoth

(1 Chronicles 7:8)"
496,Omri,false,false,false,false,false,,,,,,,,"Omri

(1 Chronicles 7:8)"
497,Elioenai,false,false,false,false,false,,,,,,,,"Elioenai

(1 Chronicles 4:36)"
498,Eliezer,true,false,false,false,false,,,,,,,,(1 Chronicles 7:8)
499,Joash,false,false,false,false,false,,,,,,,,(1 Chronicles 7:8)
500,Zemirah,false,false,false,false,false,,,,,,,,"Zemirah

(1 Chronicles 7:8)"
501,Jobab,false,false,false,false,false,,,,,,,Genesis 10:26,"Jobab

(Genesis 10:26-29, 1 Chronicles 1:20-23)"
502,Izliah,false,false,false,false,false,,,,,,,,"Izliah

(1 Chronicles 8:18)"
503,Ishmerai,false,false,false,false,false,,,,,,,,"Ishmerai

(1 Chronicles 8:18)"
504,Heber,true,false,false,false,false,,,,,,,Genesis 46:17; Numbers 26:45,"Heber

(Genesis 46:17, Numbers 26:45, 1 Chronicles 7:31)"
505,Hizki,false,false,false,false,false,,,,,,,,"Hizki

(1 Chronicles 8:17)"
506,Meshullam,false,false,false,false,false,,,,,,,,"Meshullam

(1 Chronicles 3:19)"
507,Zebadiah,false,false,false,false,false,,,,,,,,"Zebadiah

(1 Chronicles 8:15)"
508,Zichri,false,false,false,false,false,,,,,,,,(1 Chronicles 8:27)
509,Elijah,false,false,false,false,false,,,,,,,,"Elijah

(1 Chronicles 8:27)Is this possibly Elijah the Tishbite mentioned in 1 Kings 17?"
510,Jaareshiah,false,false,false,false,false,,,,,,,,"Jaareshiah

(1 Chronicles 8:27)"
511,Athaliah,false,false,false,false,false,,,,,,,,"Athaliah

(1 Chronicles 8:26)"
512,Shehariah,false,false,false,false,false,,,,,,,,"Shehariah

(1 Chronicles 8:26)"
513,Shamsherai,false,false,false,false,false,,,,,,,,"Shamsherai

(1 Chronicles 8:26)"
514,Jeremoth (or Jeroham),false,false,false,false,false,,,,,,,,"Jeremoth (or Jeroham)

(1 Chronicles 8:14)"
515,Penuel,false,false,false,false,false,,,,,,,,"Penuel

(1 Chronicles 8:25)"
516,Iphdeiah,false,false,false,false,false,,,,,,,,"Iphdeiah

(1 Chronicles 8:25)"
517,Anthothijah,false,false,false,false,false,,,,,,,,"Anthothijah

(1 Chronicles 8:24)"
518,Elam,false,false,false,false,false,,,,,,,,(1 Chronicles 8:24)
519,Hananiah,false,false,false,false,false,,,,,,,,"Hananiah

(1 Chronicles 3:19)"
520,Hanan,false,false,false,false,false,,,,,,,,(1 Chronicles 8:23)
521,Zichri,false,false,false,false,false,,,,,,,,(1 Chronicles 8:23)
522,Abdon,false,false,true,false,false,,,,,,,,(1 Chronicles 8:23)
523,Eliel,false,false,false,false,false,,,,,,,,(1 Chronicles 8:22)
524,Eber,true,false,false,false,false,,,,,,,,"Eber

(1 Chronicles 8:12)"
525,Ishpan,false,false,false,false,false,,,,,,,,"Ishpan

(1 Chronicles 8:22)"
526,Shashak,false,false,false,false,false,,,,,,,,"Shashak

(1 Chronicles 8:14)"
527,Ahio,false,false,false,false,false,,,,,,,,(1 Chronicles 8:14)
528,Shimrath,false,false,false,false,false,,,,,,,,"Shimrath

(1 Chronicles 8:21)"
529,Beraiah,false,false,false,false,false,,,,,,,,"Beraiah

(1 Chronicles 8:21)"
530,Adaiah,false,false,false,false,false,,,,,,,,(1 Chronicles 8:21)
531,Eliel,false,false,false,false,false,,,,,,,,(1 Chronicles 8:20)
532,Zillethai,false,false,false,false,false,,,,,,,,"Zillethai

(1 Chronicles 8:20)"
533,Elienai,false,false,false,false,false,,,,,,,,"Elienai

(1 Chronicles 8:20)"
534,Zabdi,false,false,false,false,false,,,,,,,,"Zabdi

(1 Chronicles 8:19)"
535,Zichri,false,false,false,false,false,,,,,,,,(1 Chronicles 8:19)
536,Jakim,false,false,false,false,false,,,,,,,,"Jakim

(1 Chronicles 8:19)"
537,Shema (or Shimei),false,false,false,false,false,,,,,,,,"Shema (or Shimei)

(1 Chronicles 8:13)"
538,Joha,false,false,false,false,false,,,,,,,,"Joha

(1 Chronicles 8:16)"
539,Ishpah,false,false,false,false,false,,,,,,,,"Ishpah

(1 Chronicles 8:16)"
540,Michael,false,false,false,false,false,,,,,,,,(1 Chronicles 8:16)
541,Eder,false,false,false,false,false,,,,,,,,"Eder

(1 Chronicles 24:30)"
542,Arad,false,false,false,false,false,,,,,,,,"Arad

(1 Chronicles 8:15)"
543,Zebadiah,false,false,false,false,false,,,,,,,,(1 Chronicles 8:15)
544,Beriah,false,false,false,false,false,,,,,,,,(1 Chronicles 8:13)
545,Shemed,false,false,false,false,false,,,,,,,,"Shemed

(1 Chronicles 8:12)"
546,Misham,false,false,false,false,false,,,,,,,,"Misham

(1 Chronicles 8:12)"
547,Eber,true,false,false,false,false,,,,,,,,(1 Chronicles 8:12)
548,Elpaal,false,false,false,false,false,,,,,,,,"Elpaal

(1 Chronicles 8:11)"
549,Abitub,false,false,false,false,false,,,,,,,,"Abitub

(1 Chronicles 8:11)"
550,Mirmah,false,false,false,false,false,,,,,,,,"Mirmah

(1 Chronicles 8:10)"
551,Sachia,false,false,false,false,false,,,,,,,,"Sachia

(1 Chronicles 8:10)"
552,Jeuz,false,false,false,false,false,,,,,,,,"Jeuz

(1 Chronicles 8:10)"
553,Malcam,false,false,false,false,false,,,,,,,,"Malcam

(1 Chronicles 8:9)"
554,Mesha,false,false,false,false,false,,,,,,,,"Mesha

(1 Chronicles 2:42)"
555,Zibia,false,false,false,false,false,,,,,,,,"Zibia

(1 Chronicles 8:9)"
556,Jobab,false,false,false,false,false,,,,,,,,(1 Chronicles 8:9)
557,Shaharaim,false,false,false,false,false,,,,,,Hushim and Baara (1 Chronicles 8:8),,"Shaharaim

Spouse: Hushim and Baara (1 Chronicles 8:8), Hodesh (1 Chronicles 8:9)
 

(1 Chronicles 8:8)"
558,Ahihud,false,false,false,false,false,,,,,,,,"Ahihud

(1 Chronicles 8:6-7)"
559,Uzza,false,false,false,false,false,,,,,,,,"Uzza

(1 Chronicles 6:29)"
560,Huram,false,false,false,false,false,,,,,,,,"Huram

(1 Chronicles 8:5)"
561,Maacah,false,false,false,false,false,,,,,,,,(1 Chronicles 7:15)
562,Huppim (or Hupham?),false,false,false,false,false,,,,,,,Numbers 26:38,"Huppim (or Hupham?)

(1 Chronicles 7:12, Numbers 26:38)"
563,Shuppim (or Shephupham?),false,false,false,false,false,,,,,,,Numbers 26:38,"Shuppim (or Shephupham?)

(1 Chronicles 7:12, Numbers 26:38)"
564,Shuthelah,false,false,false,false,false,,,,,,,,(1 Chronicles 7:21)
565,Zabad,false,false,false,false,false,,,,,,,,"Zabad

(1 Chronicles 2:36)"
566,Tahath,false,false,false,false,false,,,,,,,,(1 Chronicles 7:20)
567,Eleadah,false,false,false,false,false,,,,,,,,"Eleadah

(1 Chronicles 7:20)"
568,Tahath,false,false,false,false,false,,,,,,,,(1 Chronicles 7:20)
569,Bered,false,false,false,false,false,,,,,,,,"Bered

(1 Chronicles 7:20)"
570,Eranites,false,false,false,false,false,,,,,,,Numbers 26:36,"Eranites

(Numbers 26:36)"
571,Eran,false,false,false,false,false,,,,,,,Numbers 26:36,"Eran

(Numbers 26:36)"
572,Rakem,false,false,false,false,false,,,,,,,,"Rakem

(1 Chronicles 7:16)"
573,Bedan,false,false,true,false,false,,,,,,,,"Bedan

(1 Chronicles 7:17)"
574,Ulam,false,false,false,false,false,,,,,,,,"Ulam

(1 Chronicles 7:16)"
575,Sheresh,false,false,false,false,false,,,,,,,,"Sheresh

(1 Chronicles 7:16)"
576,Peresh,false,false,false,false,false,,,,,,,,"Peresh

(1 Chronicles 7:16)"
577,Mahlah,false,false,false,false,false,,,,,,,Numbers 27:1,"Mahlah

(Numbers 27:1)"
578,Abiezer,false,false,false,false,false,,,,,,,Joshua 17:2,"Abiezer

(Joshua 17:2)"
579,Ishod,false,false,false,false,false,,,,,,,,"Ishod

(1 Chronicles 7:18)"
580,Hammolecheth,false,false,false,false,false,,,,,,,,"Hammolecheth

(1 Chronicles 7:18)"
581,Tirzah,false,false,false,false,false,,,,,,,Numbers 27:1,"Tirzah

(Numbers 27:1)"
582,Milcah,false,false,false,false,false,,,,,,,Numbers 27:1,"Milcah

(Numbers 27:1)"
583,Hoglah,false,false,false,false,false,,,,,,,Numbers 27:1,"Hoglah

(Numbers 27:1)"
584,Noah,true,false,false,false,false,,,,,,,Numbers 27:1,(Numbers 27:1)
585,Mahlah,false,false,false,false,false,,,,,,,Numbers 27:1,(Numbers 27:1)
586,Zelophehad,false,false,false,false,false,,,,,,,Numbers 27:1,"Zelophehad

(Numbers 27:1)"
587,Hepher,false,false,false,false,false,,,,,,,,"Hepher

(1 Chronicles 4:6)"
588,Jephthah,false,false,true,false,false,,,,,,,Judges 10:3,"Jephthah

(Judges 10:3)

Aniam is a grandchild of Gilead and therefore a Gileadite.

Jephthah judged Israel six years."
589,Aniam,false,false,false,false,false,,,,,,,,"Aniam

(1 Chronicles 7:19)"
590,Likhi,false,false,false,false,false,,,,,,,,"Likhi

(1 Chronicles 7:19)"
591,Jair,false,false,true,false,false,,,,,,,Judges 10:3,(Judges 10:3) Shechem is a grandchild of Gilead and therefore a Gileadite. Jair judged Israel twenty-two years.
592,Shechem,false,false,false,false,false,,,,,,,Joshua 17:2,"Shechem

(Joshua 17:2)"
593,Ahian,false,false,false,false,false,,,,,,,,"Ahian

(1 Chronicles 7:19)"
594,Shemida,false,false,false,false,false,,,,,,,Joshua 17:2,"Shemida

(Joshua 17:2)"
595,Shechem,false,false,false,false,false,,,,,,,Joshua 17:2,(Joshua 17:2)
596,Asriel,false,false,false,false,false,,,,,,,,"Asriel

(1 Chronicles 7:14)"
597,Helek,false,false,false,false,false,,,,,,,Joshua 17:2,"Helek

(Joshua 17:2)"
598,Gideon,false,false,true,false,false,,,,,,,Judges 6:11,"Gideon

(Judges 6:11)"
599,Joash,false,false,false,false,false,,,,,,,Judges 6:11,(Judges 6:11)
600,Abiezrites,false,false,false,false,false,,,,,,,Judges 6:11,"Abiezrites

(Judges 6:11)

Although Judges 6 mentions 'Abiezrites', it is not known if it is THIS Abiezer or the son of Hammolecheth from which they derive."
601,Abiezer,false,false,false,false,false,,,,,,,Joshua 17:2,(Joshua 17:2)
602,Gilead,false,false,false,false,false,,,,,,,,"Gilead

(1 Chronicles 7:14)"
603,Machir,false,false,false,false,false,,,,,,Maacah (1 Chronicles 7:16) (1 Chronicles 7:14),,"Machir

Spouse: Maacah (1 Chronicles 7:16)
 

(1 Chronicles 7:14)"
604,Asriel,false,false,false,false,false,,,,,,,,(1 Chronicles 7:14)
605,Jahleelites,false,false,false,false,false,,,,,,,Numbers 26:26,"Jahleelites

(Numbers 26:26)"
606,Jahleel,false,false,false,false,false,,,,,,,Genesis 46:14,"Jahleel

(Genesis 46:14)"
607,Elonites,false,false,false,false,false,,,,,,,Numbers 26:26,"Elonites

(Numbers 26:26)"
608,Elon,false,false,true,false,false,,,,,,,Genesis 46:14,(Genesis 46:14)
609,Seredites,false,false,false,false,false,,,,,,,Numbers 26:26,"Seredites

(Numbers 26:26)"
610,Sered,false,false,false,false,false,,,,,,,Genesis 46:14,"Sered

(Genesis 46:14)"
611,Shimronites,false,false,false,false,false,,,,,,,Numbers 26:24,"Shimronites

(Numbers 26:24)"
612,Shimron,false,false,false,false,false,,,,,,,Genesis 46:13; Numbers 26:24,"Shimron

(Genesis 46:13, Numbers 26:24, 1 Chronicles 7:1)"
613,Jashubites,false,false,false,false,false,,,,,,,Numbers 26:24,"Jashubites

(Numbers 26:24)"
614,Iob (or Jashub),false,false,false,false,false,,,,,,,Genesis 46:13; Numbers 26:24,"Iob (or Jashub)

(Genesis 46:13, Numbers 26:24, 1 Chronicles 7:1)"
615,Punites,false,false,false,false,false,,,,,,,Numbers 26:23,"Punites

(Numbers 26:23)"
616,Puvah (or Puah),false,false,false,false,false,,,,,,,Genesis 46:13; Numbers 26:23,"Puvah (or Puah)

(Genesis 46:13, Numbers 26:23, 1 Chronicles 7:1)"
617,Samuel,false,false,true,false,false,,,,,,,,(1 Chronicles 7:2)
618,Ibsam,false,false,false,false,false,,,,,,,,"Ibsam

(1 Chronicles 7:2)"
619,Jahmai,false,false,false,false,false,,,,,,,,"Jahmai

(1 Chronicles 7:2)"
620,Jeriel,false,false,false,false,false,,,,,,,,"Jeriel

(1 Chronicles 7:2)"
621,Rephaiah,false,false,false,false,false,,,,,,,,(1 Chronicles 7:2)
622,Tola,false,false,true,false,false,,,,,,,Genesis 46:13; Numbers 26:23,"Tola

(Genesis 46:13, Numbers 26:23, 1 Chronicles 7:1)"
623,Puah,false,false,false,false,false,,,,,,,Judges 10:1,"Puah

(Judges 10:1)"
624,Dodo,false,false,false,false,false,,,,,,,Judges 10:1,"Dodo

(Judges 10:1)"
625,Isshiah,false,false,false,false,false,,,,,,,,"Isshiah

(1 Chronicles 7:3)"
626,Joel,false,false,false,false,false,,,,,,,,(1 Chronicles 7:3)
627,Obadiah,false,false,false,false,false,,,,,,,,(1 Chronicles 7:3)
628,Michael,false,false,false,false,false,,,,,,,,(1 Chronicles 7:3)
629,Izrahiah,false,false,false,false,false,,,,,,,,"Izrahiah

(1 Chronicles 7:3)"
630,Uzzi,false,false,false,false,false,,,,,,,,(1 Chronicles 7:2)
631,Tolaites,false,false,false,false,false,,,,,,,Numbers 26:23,"Tolaites

(Numbers 26:23)"
632,Tola,false,false,true,false,false,,,,,,,Genesis 46:13; Numbers 26:23,"(Genesis 46:13, Numbers 26:23, 1 Chronicles 7:1)"
633,Serah,false,false,false,false,false,,,,,,,Genesis 46:17; Numbers 26:46,"Serah

(Genesis 46:17, Numbers 26:46, 1 Chronicles 7:30)"
634,Birzaith,false,false,false,false,false,,,,,,,,"Birzaith

(1 Chronicles 7:31)"
635,Malchiel,false,false,false,false,false,,,,,,,Genesis 46:17; Numbers 26:45,"Malchiel

(Genesis 46:17, Numbers 26:45, 1 Chronicles 7:31)"
636,Shua,false,false,false,false,false,,,,,,,,"Shua

(1 Chronicles 7:32)"
637,Amal,false,false,false,false,false,,,,,,,,"Amal

(1 Chronicles 7:35)"
638,Shelesh,false,false,false,false,false,,,,,,,,"Shelesh

(1 Chronicles 7:35)"
639,Imna,false,false,false,false,false,,,,,,,,"Imna

(1 Chronicles 7:35)"
640,Beera,false,false,false,false,false,,,,,,,,"Beera

(1 Chronicles 7:37)"
641,Ithran,false,false,false,false,false,,,,,,,,"Ithran

(1 Chronicles 7:37)"
642,Shilshah,false,false,false,false,false,,,,,,,,"Shilshah

(1 Chronicles 7:37)"
643,Shamma,false,false,false,false,false,,,,,,,,"Shamma

(1 Chronicles 7:37)"
644,Hod,false,false,false,false,false,,,,,,,,"Hod

(1 Chronicles 7:37)"
645,Bezer,false,false,false,false,false,,,,,,,,"Bezer

(1 Chronicles 7:37)"
646,Imrah,false,false,false,false,false,,,,,,,,"Imrah

(1 Chronicles 7:36)"
647,Beri,false,false,false,false,false,,,,,,,,"Beri

(1 Chronicles 7:36)"
648,Shaul,false,false,false,false,false,,,,,,,,(1 Chronicles 7:36)
649,Harnepher,false,false,false,false,false,,,,,,,,"Harnepher

(1 Chronicles 7:36)"
650,Suah,false,false,false,false,false,,,,,,,,"Suah

(1 Chronicles 7:36)"
651,Zophah,false,false,false,false,false,,,,,,,,"Zophah

(1 Chronicles 7:35)"
652,Hotham (or Helem),false,false,false,false,false,,,,,,,,"Hotham (or Helem)

(1 Chronicles 7:32)"
653,Aram,true,false,false,false,false,,,,,,,,(1 Chronicles 7:34)
654,Jehubbah,false,false,false,false,false,,,,,,,,"Jehubbah

(1 Chronicles 7:34)"
655,Rohgah,false,false,false,false,false,,,,,,,,"Rohgah

(1 Chronicles 7:34)"
656,Ahi,false,false,false,false,false,,,,,,,,"Ahi

(1 Chronicles 7:34)"
657,Shomer (or Shemer),false,false,false,false,false,,,,,,,,"Shomer (or Shemer)

(1 Chronicles 7:32)"
658,Ashvath,false,false,false,false,false,,,,,,,,"Ashvath

(1 Chronicles 7:33)"
659,Bimhal,false,false,false,false,false,,,,,,,,"Bimhal

(1 Chronicles 7:33)"
660,Pasach,false,false,false,false,false,,,,,,,,"Pasach

(1 Chronicles 7:33)"
661,Japhlet,false,false,false,false,false,,,,,,,,"Japhlet

(1 Chronicles 7:32)"
662,Heber,true,false,false,false,false,,,,,,,Genesis 46:17; Numbers 26:45,"(Genesis 46:17, Numbers 26:45, 1 Chronicles 7:31)"
663,Beriah,false,false,false,false,false,,,,,,,Genesis 46:17,"(Genesis 46:17, 1 Chronicles 7:30)"
664,Ishvites,false,false,false,false,false,,,,,,,Numbers 26:44,"Ishvites

(Numbers 26:44)"
665,Ishvi,false,false,false,false,false,,,,,,,Genesis 46:17,"Ishvi

(Genesis 46:17, 1 Chronicles 7:30)"
666,Ishvah,false,false,false,false,false,,,,,,,Genesis 46:17,"Ishvah

(Genesis 46:17, 1 Chronicles 7:30)"
667,Imnites,false,false,false,false,false,,,,,,,Numbers 26:44,"Imnites

(Numbers 26:44)"
668,Imnah,false,false,false,false,false,,,,,,,Genesis 46:17,"Imnah

(Genesis 46:17, 1 Chronicles 7:30)"
669,Arelites,false,false,false,false,false,,,,,,,Numbers 26:17,"Arelites

(Numbers 26:17)"
670,Areli,false,false,false,false,false,,,,,,,Numbers 26:17,"Areli

(Numbers 26:17)"
671,Arodites,false,false,false,false,false,,,,,,,Numbers 26:17,"Arodites

(Numbers 26:17)"
672,Arod,false,false,false,false,false,,,,,,,Numbers 26:17,"Arod

(Numbers 26:17)"
673,Erites,false,false,false,false,false,,,,,,,Numbers 26:16,"Erites

(Numbers 26:16)"
674,Eri,false,false,false,false,false,,,,,,,Numbers 26:16,"Eri

(Numbers 26:16)"
675,Ozenites,false,false,false,false,false,,,,,,,Numbers 26:16,"Ozenites

(Numbers 26:16)"
676,Ozni,false,false,false,false,false,,,,,,,Numbers 26:16,"Ozni

(Numbers 26:16)"
677,Shunites,false,false,false,false,false,,,,,,,Numbers 26:15,"Shunites

(Numbers 26:15)"
678,Shuni,false,false,false,false,false,,,,,,,Numbers 26:15,"Shuni

(Numbers 26:15)"
679,Haggites,false,false,false,false,false,,,,,,,Numbers 26:15,"Haggites

(Numbers 26:15)"
680,Haggi,false,false,false,false,false,,,,,,,Numbers 26:15,"Haggi

(Numbers 26:15)"
681,Zephonites,false,false,false,false,false,,,,,,,Numbers 26:15,"Zephonites

(Numbers 26:15)"
682,Zephon,false,false,false,false,false,,,,,,,Numbers 26:15,"Zephon

(Numbers 26:15)"
683,Shillemites,false,false,false,false,false,,,,,,,Numbers 26:49,"Shillemites

(Numbers 26:49)"
684,Shillem (or Shallum),false,false,false,false,false,,,,,,,Genesis 26:24,"Shillem (or Shallum)

(Genesis 26:24, 1 Chronicles 7:13)"
685,Jezerites,false,false,false,false,false,,,,,,,Numbers 26:49,"Jezerites

(Numbers 26:49)"
686,Jezer,false,false,false,false,false,,,,,,,Genesis 26:24,"Jezer

(Genesis 26:24, 1 Chronicles 7:13)"
687,Gunites,false,false,false,false,false,,,,,,,Numbers 26:48,"Gunites

(Numbers 26:48)"
688,Guni,false,false,false,false,false,,,,,,,Genesis 26:24,"Guni

(Genesis 26:24, 1 Chronicles 7:13)"
689,Jahzeelites,false,false,false,false,false,,,,,,,Numbers 26:48,"Jahzeelites

(Numbers 26:48)"
690,Jahzeel (or Jahziel),false,false,false,false,false,,,,,,,Genesis 26:24,"Jahzeel (or Jahziel)

(Genesis 26:24, 1 Chronicles 7:13)"
691,Shuhamites,false,false,false,false,false,,,,,,,Numbers 26:42,"Shuhamites

(Numbers 26:42)"
692,Shuham (or Hushim),false,false,false,false,false,,,,,,,Numbers 26:42,"Shuham (or Hushim)

(Numbers 26:42)"
693,Dara (or Darda),false,false,false,false,false,,,,,,,,"Dara (or Darda)

(1 Kings 4:31, 1 Chronicles 2:6)"
694,Calcol,false,false,false,false,false,,,,,,,,"Calcol

(1 Kings 4:31, 1 Chronicles 2:6)"
695,Heman,false,false,false,false,false,,,,,,,,"(1 Kings 4:31, 1 Chronicles 2:6)"
696,Azariah,true,false,false,false,false,,,,,,,,(1 Chronicles 2:8)
697,Ethan,false,false,false,false,false,,,,,,,,"(1 Kings 4:31, 1 Chronicles 2:6)"
698,Achan (or Achar),false,false,false,false,false,,,,,,,Joshua 7:1; Joshua 7:5,"Achan (or Achar)

(Joshua 7:1, 7:18, 1 Chronicles 2:7)

Achan sinned by taking banned property from Jericho and caused Israel to lose their second major battle in the land at Ai (Joshua 7:5)."
699,Carmi,false,false,false,false,false,,,,,,,Genesis 46:9,"Carmi

(Genesis 46:9, 1 Chronicles 4:1, 1 Chronicles 5:3)"
700,Zimri (or Zabdi or Mahol),false,false,false,false,false,,,,,,,Joshua 7:1,"Zimri (or Zabdi or Mahol)

(Joshua 7:1, 7:18, 1 Chronicles 2:6)"
701,Jabez,false,false,false,false,false,,,,,,,,"Jabez

(1 Chronicles 4:9)"
702,Aharhel,false,false,false,false,false,,,,,,,,"Aharhel

(1 Chronicles 4:8)"
703,Harum,false,false,false,false,false,,,,,,,,"Harum

(1 Chronicles 4:8)"
704,Zobebah,false,false,false,false,false,,,,,,,,"Zobebah

(1 Chronicles 4:8)"
705,Anub,false,false,false,false,false,,,,,,,,"Anub

(1 Chronicles 4:8)"
706,Koz,false,false,false,false,false,,,,,,,,"Koz

(1 Chronicles 4:8)"
707,Ethnan,false,false,false,false,false,,,,,,,,"Ethnan

(1 Chronicles 4:7)"
708,Izhar,false,false,false,false,false,,,,,,,,"Izhar

(1 Chronicles 4:7)"
709,Zereth,false,false,false,false,false,,,,,,,,"Zereth

(1 Chronicles 4:7)"
710,Haahashtari,false,false,false,false,false,,,,,,,,"Haahashtari

(1 Chronicles 4:6)"
711,Temeni,false,false,false,false,false,,,,,,,,"Temeni

(1 Chronicles 4:6)"
712,Hepher,false,false,false,false,false,,,,,,,,(1 Chronicles 4:6)
713,Ahuzzam,false,false,false,false,false,,,,,,,,"Ahuzzam

(1 Chronicles 4:6)"
714,Tekoa,false,false,false,false,false,,,,,,,,"Tekoa

(1 Chronicles 4:5)"
715,Achsah,false,false,false,false,false,,,,,,,Joshua 15:16; Judges 1:12,"Achsah

(Joshua 15:16, Judges 1:12)"
716,Gibea,false,false,false,false,false,,,,,,,,"Gibea

(1 Chronicles 2:49)"
717,Machbenah,false,false,false,false,false,,,,,,,,"Machbenah

(1 Chronicles 2:49)"
718,Sheva,false,false,false,false,false,,,,,,,,"Sheva

(1 Chronicles 2:49)"
719,Madmannah,false,false,false,false,false,,,,,,,,"Madmannah

(1 Chronicles 2:49)"
720,Shaaph,false,false,false,false,false,,,,,,,,"Shaaph

(1 Chronicles 2:47)Jahdai being one of Caleb's concubines/wives."
721,Tirhanah,false,false,false,false,false,,,,,,,,"Tirhanah

(1 Chronicles 2:48)"
722,Sheber,false,false,false,false,false,,,,,,,,"Sheber

(1 Chronicles 2:48)"
723,Shaaph,false,false,false,false,false,,,,,,,,(1 Chronicles 2:47)Jahdai being one of Caleb's concubines/wives.
724,Ephah,false,false,false,false,false,,,,,,,,(1 Chronicles 2:47)Jahdai being one of Caleb's concubines/wives.
725,Pelet,false,false,false,false,false,,,,,,,,"Pelet

(1 Chronicles 2:47)Jahdai being one of Caleb's concubines/wives."
726,Geshan,false,false,false,false,false,,,,,,,,"Geshan

(1 Chronicles 2:47)Jahdai being one of Caleb's concubines/wives."
727,Jotham,true,false,false,false,false,,,,,,,,(1 Chronicles 2:47)Jahdai being one of Caleb's concubines/wives.
728,Regem,false,false,false,false,false,,,,,,,,"Regem

(1 Chronicles 2:47)Jahdai being one of Caleb's concubines/wives."
729,Gazez,false,false,false,false,false,,,,,,,,"Gazez

(1 Chronicles 2:46)"
730,Moza,false,false,false,false,false,,,,,,,,(1 Chronicles 2:46)
731,Gazez,false,false,false,false,false,,,,,,,,(1 Chronicles 2:46)
732,Haran,false,false,false,false,false,,,,,,,,(1 Chronicles 2:46)
733,Hushah,false,false,false,false,false,,,,,,,,"Hushah

(1 Chronicles 4:4)"
734,Ezer,false,false,false,false,false,,,,,,,,(1 Chronicles 4:4)
735,Gedor,false,false,false,false,false,,,,,,,,(1 Chronicles 4:4)
736,Pemuel,false,false,false,false,false,,,,,,,,"Pemuel

(1 Chronicles 4:4)"
737,Hazzelelponi,false,false,false,false,false,,,,,,,,"Hazzelelponi

(1 Chronicles 4:3)"
738,Idbash,false,false,false,false,false,,,,,,,,"Idbash

(1 Chronicles 4:3)"
739,Ishma,false,false,false,false,false,,,,,,,,"Ishma

(1 Chronicles 4:3)"
740,Jezreel,false,false,false,false,false,,,,,,,,"Jezreel

(1 Chronicles 4:3)"
741,Etam,false,false,false,false,false,,,,,,,,"Etam

(1 Chronicles 4:3)"
742,Bezalel,false,false,false,false,false,,,,,,,,"Bezalel

(1 Chronicles 2:20)"
743,Uri,false,false,false,false,false,,,,,,,,"Uri

(1 Chronicles 2:20)"
744,Beth-gader,false,false,false,false,false,,,,,,,,"Beth-gader

(1 Chronicles 2:51)"
745,Hareph,false,false,false,false,false,,,,,,,,"Hareph

(1 Chronicles 2:51)"
746,Zorites,false,false,false,false,false,,,,,,,,"Zorites

(1 Chronicles 2:54)"
747,Atroth-beth-joab,false,false,false,false,false,,,,,,,,"Atroth-beth-joab

(1 Chronicles 2:54)"
748,Netophatites,false,false,false,false,false,,,,,,,,"Netophatites

(1 Chronicles 2:54)"
749,Bethlehem,false,false,false,false,false,,,,,,,,"Bethlehem

(1 Chronicles 2:51, 54)"
750,Salma,true,false,false,false,false,,,,,,,,"Salma

(1 Chronicles 2:51)"
751,Lahad,false,false,false,false,false,,,,,,,,"Lahad

(1 Chronicles 4:2)"
752,Zorathites,false,false,false,false,false,,,,,,,,"Zorathites

(1 Chronicles 2:50)"
753,Ahumai,false,false,false,false,false,,,,,,,,"Ahumai

(1 Chronicles 4:2)"
754,Jahath,false,false,false,false,false,,,,,,,,(1 Chronicles 4:2)
755,Reaiah,false,false,false,false,false,,,,,,,,"Reaiah

(1 Chronicles 5:5)"
756,Haroeh,false,false,false,false,false,,,,,,,,"Haroeh

(1 Chronicles 2:52)"
757,Eshtaolites,false,false,false,false,false,,,,,,,,"Eshtaolites

(1 Chronicles 2:50)"
758,Zorathites,false,false,false,false,false,,,,,,,,(1 Chronicles 2:50)
759,Mishraites,false,false,false,false,false,,,,,,,,"Mishraites

(1 Chronicles 2:53)"
760,Shumathites,false,false,false,false,false,,,,,,,,"Shumathites

(1 Chronicles 2:53)"
761,Puthites,false,false,false,false,false,,,,,,,,"Puthites

(1 Chronicles 2:53)"
762,Ithrites,false,false,false,false,false,,,,,,,,"Ithrites

(1 Chronicles 2:53)"
763,Kiriath-jearim,false,false,false,false,false,,,,,,,,"Kiriath-jearim

(1 Chronicles 2:50)"
764,Shobal,false,false,false,false,false,,,,,,,,"Shobal

(1 Chronicles 2:50, 1 Chronicles 4:1)"
765,Hur,false,false,false,false,false,,,,,,,,"Hur

(1 Chronicles 2:19, 1 Chronicles 4:1)His mother was Ephrath/Ephrathah."
766,Ardon,false,false,false,false,false,,,,,,,,"Ardon

(1 Chronicles 2:18)"
767,Shobab,false,false,false,false,false,,,,,,,,(1 Chronicles 2:18)
768,Jesher,false,false,false,false,false,,,,,,,,"Jesher

(1 Chronicles 2:18)"
769,Jorkeam,false,false,false,false,false,,,,,,,,"Jorkeam

(1 Chronicles 2:44)"
770,Raham,false,false,false,false,false,,,,,,,,"Raham

(1 Chronicles 2:44)"
771,Shema,false,false,false,false,false,,,,,,,,"Shema

(1 Chronicles 2:43)"
772,Bethzur,false,false,false,false,false,,,,,,,,"Bethzur

(1 Chronicles 2:45)"
773,Maon,false,false,false,false,false,,,,,,,,"Maon

(1 Chronicles 2:45)"
774,Shammai,false,false,false,false,false,,,,,,,,"Shammai

(1 Chronicles 2:28)"
775,Rekem,false,false,false,false,false,,,,,,,,"Rekem

(1 Chronicles 2:43)"
776,Tappuah,false,false,false,false,false,,,,,,,,"Tappuah

(1 Chronicles 2:43)"
777,Korah,false,false,false,false,false,,,,,,,,(1 Chronicles 2:43)
778,Hebron,false,false,false,false,false,,,,,,,,(1 Chronicles 2:42)
779,Mareshah,false,false,false,false,false,,,,,,,,"Mareshah

(1 Chronicles 4:21)"
780,Ziph,false,false,false,false,false,,,,,,,,"Ziph

(1 Chronicles 2:42)"
781,Mesha,false,false,false,false,false,,,,,,,,(1 Chronicles 2:42)
782,Amasa,false,false,false,false,false,,,,,,,,"Amasa

(1 Chronicles 2:17)"
783,Asahel,false,false,false,false,false,,,,,,,,"Asahel

(1 Chronicles 2:16)"
784,Joab,false,false,false,false,false,,,,,,,,"Joab

(1 Chronicles 2:16)"
785,Abishai,false,false,false,false,false,,,,,,,,"Abishai

(1 Chronicles 2:16)"
786,Shimei,false,false,false,false,false,,,,,,,,(1 Chronicles 3:19)
787,Jushab-hesed,false,false,false,false,false,,,,,,,,"Jushab-hesed

(1 Chronicles 3:20)"
788,Hasadiah,false,false,false,false,false,,,,,,,,"Hasadiah

(1 Chronicles 3:20)"
789,Berechiah,false,false,false,false,false,,,,,,,,(1 Chronicles 3:20)
790,Ohel,false,false,false,false,false,,,,,,,,"Ohel

(1 Chronicles 3:20)"
791,Hashubah,false,false,false,false,false,,,,,,,,"Hashubah

(1 Chronicles 3:20)"
792,Shelomith,false,false,false,false,false,,,,,,,,"Shelomith

(1 Chronicles 3:19)"
793,Shaphat,false,false,false,false,false,,,,,,,,"Shaphat

(1 Chronicles 3:22)"
794,Azrikam,false,false,false,false,false,,,,,,,,(1 Chronicles 3:23)
795,Hizkiah,false,false,false,false,false,,,,,,,,"Hizkiah

(1 Chronicles 3:23)"
796,Anani,false,false,false,false,false,,,,,,,,"Anani

(1 Chronicles 3:24)"
797,Delaiah,false,false,false,false,false,,,,,,,,"Delaiah

(1 Chronicles 3:24)"
798,Johanan,false,false,false,false,false,,,,,,,,(1 Chronicles 3:24)
799,Akkub,false,false,false,false,false,,,,,,,,"Akkub

(1 Chronicles 3:24)"
800,Pelaiah,false,false,false,false,false,,,,,,,,"Pelaiah

(1 Chronicles 3:24)"
801,Eliashib,false,false,false,false,false,,,,,,,,"Eliashib

(1 Chronicles 3:24)"
802,Hodaviah,false,false,false,false,false,,,,,,,,"Hodaviah

(1 Chronicles 3:24)"
803,Elioenai,false,false,false,false,false,,,,,,,,(1 Chronicles 3:23)
804,Neariah,false,false,false,false,false,,,,,,,,"Neariah

(1 Chronicles 3:22)"
805,Bariah,false,false,false,false,false,,,,,,,,"Bariah

(1 Chronicles 3:22)"
806,Igal,false,false,false,false,false,,,,,,,,"Igal

(1 Chronicles 3:22)"
807,Hattush,false,false,false,false,false,,,,,,,,"Hattush

(1 Chronicles 3:22)"
808,Shemaiah,false,false,false,false,false,,,,,,,,"Shemaiah

(1 Chronicles 4:37)"
809,Jeshaiah,false,false,false,false,false,,,,,,,,"Jeshaiah

(1 Chronicles 3:21)"
810,Pelatiah,false,false,false,false,false,,,,,,,,"Pelatiah

(1 Chronicles 3:21)"
811,Rephaiah,false,false,false,false,false,,,,,,,,(1 Chronicles 3:21)
812,Arnan,false,false,false,false,false,,,,,,,,"Arnan

(1 Chronicles 3:21)"
813,Obadiah,false,false,false,false,false,,,,,,,,(1 Chronicles 3:21)
814,Shecaniah,false,false,false,false,false,,,,,,,,"Shecaniah

(1 Chronicles 3:21)"
815,Hananiah,false,false,false,false,false,,,,,,,,(1 Chronicles 3:19)
816,Meshullam,false,false,false,false,false,,,,,,,,(1 Chronicles 3:19)
817,Zerubbabel,true,false,false,false,false,,,,,,,,(1 Chronicles 3:19)
818,Zaza,false,false,false,false,false,,,,,,,,"Zaza

(1 Chronicles 2:33)"
819,Peleth,false,false,false,false,false,,,,,,,,"Peleth

(1 Chronicles 2:33)"
820,Jonathan,false,false,false,false,false,,,,,,,,(1 Chronicles 2:32)
821,Jether,false,false,false,false,false,,,,,,,,"Jether

(1 Chronicles 2:32)"
822,Jada,false,false,false,false,false,,,,,,,,"Jada

(1 Chronicles 2:28)"
823,Molid,false,false,false,false,false,,,,,,,,"Molid

(1 Chronicles 2:29)"
824,Ahban,false,false,false,false,false,,,,,,,,"Ahban

(1 Chronicles 2:29)"
825,Abishur,false,false,false,false,false,,,,,,Abihail (1 Chronicles 2:29) (1 Chronicles 2:28),,"Abishur

Spouse: Abihail (1 Chronicles 2:29)
 

(1 Chronicles 2:28)"
826,Elishama,false,false,false,false,false,,,,,,,Jeremiah 36:12,"(1 Chronicles 2:41)Is this possibly the Elishama the scribe mentioned in Jeremiah 36:12, 36:20-21?"
827,Jekamiah,false,false,false,false,false,,,,,,,,(1 Chronicles 2:41)
828,Shallum,false,false,false,false,false,,,,,,,,(1 Chronicles 2:40)
829,Sismai,false,false,false,false,false,,,,,,,,"Sismai

(1 Chronicles 2:40)"
830,Eleasah,false,false,false,false,false,,,,,,,,(1 Chronicles 2:39)
831,Helez,false,false,false,false,false,,,,,,,,"Helez

(1 Chronicles 2:39)"
832,Azariah,true,false,false,false,false,,,,,,,,(1 Chronicles 2:38)
833,Jehu,false,false,false,false,false,,,,,,,,"Jehu

(1 Chronicles 4:35)"
834,Obed,true,false,false,false,false,,,,,,,,(1 Chronicles 2:37)
835,Ephal,false,false,false,false,false,,,,,,,,"Ephal

(1 Chronicles 2:37)"
836,Zabad,false,false,false,false,false,,,,,,,,(1 Chronicles 2:36)
837,Nathan,true,false,false,false,false,,,,,,,,(1 Chronicles 2:36)
838,Attai,false,false,false,false,false,,,,,,,,"Attai

(1 Chronicles 2:35)"
839,Ahlai,false,false,false,false,false,,,,,,Jarha- Sheshan's Egyptian servant (1 Chronicles 2:34) (1 Chronicles 2:31),,"Ahlai

Spouse: Jarha- Sheshan's Egyptian servant (1 Chronicles 2:34)
 

(1 Chronicles 2:31)"
840,Sheshan,false,false,false,false,false,,,,,,,,"Sheshan

(1 Chronicles 2:31)"
841,Ishi,false,false,false,false,false,,,,,,,,"Ishi

(1 Chronicles 2:31)"
842,Appaim,false,false,false,false,false,,,,,,,,"Appaim

(1 Chronicles 2:30)"
843,Seled,false,false,false,false,false,,,,,,,,"Seled

(1 Chronicles 2:30)"
844,Nadab,false,false,false,false,false,,,,,,,,(1 Chronicles 2:28)
845,Shammai,false,false,false,false,false,,,,,,,,(1 Chronicles 2:28)
846,Onam,false,false,false,false,false,,,,,,,,"Onam

(1 Chronicles 2:26)"
847,Ahijah,false,false,false,false,false,,,,,,,,"Ahijah

(1 Chronicles 2:25)"
848,Ozem,false,false,false,false,false,,,,,,,,(1 Chronicles 2:25)
849,Oren,false,false,false,false,false,,,,,,,,"Oren

(1 Chronicles 2:25)"
850,Bunah,false,false,false,false,false,,,,,,,,"Bunah

(1 Chronicles 2:25)"
851,Eker,false,false,false,false,false,,,,,,,,"Eker

(1 Chronicles 2:27)"
852,Jamin,false,false,false,false,false,,,,,,,Genesis 46:10; Exodus 6:15,"Jamin

(Genesis 46:10, Exodus 6:15, 1 Chronicles 4:24)"
853,Maaz,false,false,false,false,false,,,,,,,,"Maaz

(1 Chronicles 2:27)"
854,Ram,true,false,false,false,false,,,,,,,,"Ram

(1 Chronicles 2:25)"
855,Meonothai,false,false,false,false,false,,,,,,,,"Meonothai

(1 Chronicles 4:13)"
856,Hathath,false,false,false,false,false,,,,,,,,"Hathath

(1 Chronicles 4:13)"
857,Achsah,false,false,false,false,false,,,,,,,Joshua 15:16; Judges 1:12,"(Joshua 15:16, Judges 1:12)"
858,Kenaz,false,false,false,false,false,,,,,,,,(1 Chronicles 4:15)
859,Naam,false,false,false,false,false,,,,,,,,"Naam

(1 Chronicles 4:15)"
860,Elah,false,false,false,false,false,,,,,,,,"Elah

(1 Chronicles 4:15)"
861,Iru,false,false,false,false,false,,,,,,,,"Iru

(1 Chronicles 4:15)"
862,Ashbea,false,false,false,false,false,,,,,,,,"Ashbea

(1 Chronicles 4:21)Beth-ashbea = house of Ashbea"
863,Mareshah,false,false,false,false,false,,,,,,,,(1 Chronicles 4:21)
864,Ibri,false,false,false,false,false,,,,,,,,"Ibri

(1 Chronicles 24:27)"
865,Zaccur,false,false,false,false,false,,,,,,,,"Zaccur

(1 Chronicles 4:26)"
866,Shoham,false,false,false,false,false,,,,,,,,"Shoham

(1 Chronicles 24:27)"
867,Beno,false,false,false,false,false,,,,,,,,"Beno

(1 Chronicles 24:27)"
868,Jerimoth,false,false,false,false,false,,,,,,,,(1 Chronicles 24:30)
869,Eder,false,false,false,false,false,,,,,,,,(1 Chronicles 24:30)
870,Ethan,false,false,false,false,false,,,,,,,,(1 Chronicles 6:44)
871,Kishi,false,false,false,false,false,,,,,,,,"Kishi

(1 Chronicles 6:44)"
872,Abdi,false,false,false,false,false,,,,,,,,"Abdi

(1 Chronicles 6:44)"
873,Malluch,false,false,false,false,false,,,,,,,,"Malluch

(1 Chronicles 6:44-45)"
874,Hashabiah,false,false,false,false,false,,,,,,,,"Hashabiah

(1 Chronicles 6:45)"
875,Amaziah,false,false,false,false,false,,,,,,,,(1 Chronicles 6:45)
876,Hilkiah,false,false,false,false,false,,,,,,,,(1 Chronicles 6:45-46)
877,Amzi,false,false,false,false,false,,,,,,,,"Amzi

(1 Chronicles 6:46)"
878,Bani,false,false,false,false,false,,,,,,,,"Bani

(1 Chronicles 6:46)"
879,Shemer,false,false,false,false,false,,,,,,,,"Shemer

(1 Chronicles 6:46-47)"
880,Mahli,false,false,false,false,false,,,,,,,Exodus 6:19; Numbers 3:20,"Mahli

(Exodus 6:19, Numbers 3:20, 1 Chronicles 6:19, 1 Chronicles 23:21, 1 Chronicles 24:26)"
881,Mushi,false,false,false,false,false,,,,,,,Exodus 6:19; Numbers 3:20,"Mushi

(Exodus 6:19, Numbers 3:20, 1 Chronicles 6:19, 1 Chronicles 23:21, 1 Chronicles 24:26)"
882,Asiah,false,false,false,false,false,,,,,,,,"Asiah

(1 Chronicles 6:30)"
883,Haggiah,false,false,false,false,false,,,,,,,,"Haggiah

(1 Chronicles 6:30)"
884,Shimea,false,false,false,false,false,,,,,,,,(1 Chronicles 6:29-30)
885,Uzza,false,false,false,false,false,,,,,,,,(1 Chronicles 6:29)
886,Shimei,false,false,false,false,false,,,,,,,,(1 Chronicles 6:29)
887,Libni,false,false,false,false,false,,,,,,,,(1 Chronicles 6:29)
888,Jerahmeel,false,false,false,false,false,,,,,,,,(1 Chronicles 24:29)
889,Kish,false,false,false,false,false,,,,,,,,(1 Chronicles 23:21)
890,Eleazar,true,false,false,false,false,,,,,,,,(1 Chronicles 23:21) Eleazar had no sons (1 Chronicles 24:28)
891,Mahli,false,false,false,false,false,,,,,,,Exodus 6:19; Numbers 3:20,"(Exodus 6:19, Numbers 3:20, 1 Chronicles 6:19, 1 Chronicles 23:21, 1 Chronicles 24:26)"
892,Zechariah,false,false,false,false,false,,,,,,,,(1 Chronicles 24:25)
893,Elzaphan (or Elizaphan or Isshiah),false,false,false,false,false,,,,,,,Exodus 6:22; Numbers 3:30,"Elzaphan (or Elizaphan or Isshiah)

(Exodus 6:22, Numbers 3:30, 1 Chronicles 23:20, 1 Chronicles 24:25)"
894,Shamir,false,false,false,false,false,,,,,,,,"Shamir

(1 Chronicles 24:24)"
895,Mishael (or Micah),false,false,false,false,false,,,,,,,Exodus 6:22; Numbers 3:30,"Mishael (or Micah)

(Exodus 6:22, Numbers 3:30, 1 Chronicles 23:20)"
896,Jekameam,false,false,false,false,false,,,,,,,,"Jekameam

(1 Chronicles 23:19, 1 Chronicles 24:23)"
897,Jahaziel,false,false,false,false,false,,,,,,,,"Jahaziel

(1 Chronicles 23:19, 1 Chronicles 24:23)"
898,Amariah,false,false,false,false,false,,,,,,,,"(1 Chronicles 23:19, 1 Chronicles 24:23)"
899,Jeriah,false,false,false,false,false,,,,,,,,"Jeriah

(1 Chronicles 23:19, 1 Chronicles 24:23)"
900,Shimei,false,false,false,false,true,,,,,,,,(1 Chronicles 4:26)
901,Zaccur,false,false,false,false,false,,,,,,,,(1 Chronicles 4:26)
902,Hammuel,false,false,false,false,false,,,,,,,,"Hammuel

(1 Chronicles 4:26)"
903,Mishmah,false,false,false,false,false,,,,,,,,"Mishmah

(1 Chronicles 4:25)"
904,Mibsam,false,false,false,false,false,,,,,,,Genesis 25:13,"Mibsam

(Genesis 25:13, 1 Chronicles 1:29-31)"
905,Shallum,false,false,false,false,false,,,,,,,,(1 Chronicles 4:25)
906,Shaulites,false,false,false,false,false,,,,,,,,Shaulites
907,Shaul,false,false,false,false,false,,,,,,,Genesis 46:10; Exodus 6:15,"(Genesis 46:10, Exodus 6:15, 1 Chronicles 4:24)"
908,Zarhites,false,false,false,false,false,,,,,,,,Zarhites
909,Zohar (or Zerah),false,false,false,false,false,,,,,,,Genesis 46:10; Exodus 6:15,"Zohar (or Zerah)

(Genesis 46:10, Exodus 6:15, 1 Chronicles 4:24)"
910,Jachinites,false,false,false,false,false,,,,,,,,Jachinites
911,Jachin (or Jarib),false,false,false,false,false,,,,,,,Genesis 46:10; Exodus 6:15,"Jachin (or Jarib)

(Genesis 46:10, Exodus 6:15, 1 Chronicles 4:24)"
912,Ohad,false,false,false,false,false,,,,,,,Genesis 46:10; Exodus 6:15,"Ohad

(Genesis 46:10, Exodus 6:15, 1 Chronicles 4:24)"
913,Jaminites,false,false,false,false,false,,,,,,,,Jaminites
914,Jamin,false,false,false,false,false,,,,,,,Genesis 46:10; Exodus 6:15,"(Genesis 46:10, Exodus 6:15, 1 Chronicles 4:24)"
915,Nemuelites,false,false,false,false,false,,,,,,,,Nemuelites
916,Jemuel (or Nemuel),false,false,false,false,false,,,,,,,Genesis 46:10; Exodus 6:15,"Jemuel (or Nemuel)

(Genesis 46:10, Exodus 6:15, 1 Chronicles 4:24)"
917,Bela,false,false,false,false,false,,,,,,,,(1 Chronicles 5:7)
918,Zechariah,false,false,false,false,false,,,,,,,,(1 Chronicles 5:7)
919,Jeiel,false,false,false,false,false,,,,,,,,(1 Chronicles 5:7)
920,Azaz,false,false,false,false,false,,,,,,,,"Azaz

(1 Chronicles 5:7)"
921,Beerah,false,false,false,false,false,,,,,,,,"Beerah

(1 Chronicles 5:6)Tilgath-pilneser of Assyria carried him away into exile."
922,Baal,false,false,false,false,false,,,,,,,,(1 Chronicles 5:5)
923,Reaiah,false,false,false,false,false,,,,,,,,(1 Chronicles 5:5)
924,Micah,false,false,false,false,false,,,,,,,,(1 Chronicles 5:5)
925,Shimei,false,false,false,false,false,,,,,,,,(1 Chronicles 5:4)
926,Gog,false,false,false,false,false,,,,,,,,"Gog

(1 Chronicles 5:4)"
927,Shemaiah (or Shema),false,false,false,false,false,,,,,,,,"Shemaiah (or Shema)

(1 Chronicles 5:4)"
928,Joel,false,false,false,false,false,,,,,,,,(1 Chronicles 5:4)
929,Carmites,false,false,false,false,false,,,,,,,Numbers 26:6,"Carmites

(Numbers 26:6)"
930,Carmi,false,false,false,false,false,,,,,,,Genesis 46:9,"(Genesis 46:9, 1 Chronicles 4:1, 1 Chronicles 5:3)"
931,Hezronites,false,false,false,false,false,,,,,,,Numbers 26:6,"Hezronites

(Numbers 26:6)"
932,Hezron,true,false,false,false,false,,,,,,,Genesis 46:9,"(Genesis 46:9, 1 Chronicles 4:1, 1 Chronicles 5:3)"
933,Palluites,false,false,false,false,false,,,,,,,Numbers 26:5,"Palluites

(Numbers 26:5)"
934,Abiram,false,false,false,false,false,,,,,,,Numbers 26:9,"Abiram

(Numbers 26:9)

Abiram (and Dathan) contended against Moses and Aaron (Numbers 26:9)"
935,Dathan,false,false,false,false,false,,,,,,,Numbers 26:9,"Dathan

(Numbers 26:9)

Dathan (and Abiram) contended against Moses and Aaron (Numbers 26:9)"
936,Nemuel,false,false,false,false,false,,,,,,,Numbers 26:9,"Nemuel

(Numbers 26:9)"
937,Eliab,false,false,false,false,false,,,,,,,Numbers 26:8,(Numbers 26:8)
938,Pallu,false,false,false,false,false,,,,,,,Genesis 46:9,"Pallu

(Genesis 46:9, 1 Chronicles 5:3)"
939,Hanochites,false,false,false,false,false,,,,,,,Numbers 26:5,"Hanochites

(Numbers 26:5)"
940,Hanoch,false,false,false,false,false,,,,,,,Genesis 46:9,"(Genesis 46:9, 1 Chronicles 5:3)"
941,Mizzah,false,false,false,false,false,,,,,,,Genesis 36:13,"Mizzah

(Genesis 36:13, 36:17, 1 Chronicles 1:37)"
942,Shammah,false,false,false,false,false,,,,,,,Genesis 36:13,"Shammah

(Genesis 36:13, 36:17, 1 Chronicles 1:37)"
943,Zerah,false,false,false,false,false,,,,,,,Genesis 36:13,"(Genesis 36:13, 36:17, 1 Chronicles 1:37)"
944,Nahath,false,false,false,false,false,,,,,,,Genesis 36:13,"(Genesis 36:13, 36:17, 1 Chronicles 1:37)"
945,Basemath,false,false,false,false,false,,,,,,,Genesis 36:3,"Basemath

(Genesis 36:3)"
946,Mahalath,false,false,false,false,false,,,,,,,Genesis 28:9,"Mahalath

(Genesis 28:9)"
947,Kedemah,false,false,false,false,false,,,,,,,Genesis 25:14,"Kedemah

(Genesis 25:14, 1 Chronicles 1:29-31)"
948,Naphish,false,false,false,false,false,,,,,,,Genesis 25:14,"Naphish

(Genesis 25:14, 1 Chronicles 1:29-31)"
949,Jetur,false,false,false,false,false,,,,,,,Genesis 25:14,"Jetur

(Genesis 25:14, 1 Chronicles 1:29-31)"
950,Tema,false,false,false,false,false,,,,,,,Genesis 25:14,"Tema

(Genesis 25:14, 1 Chronicles 1:29-31)"
951,Hadar,false,false,false,false,false,,,,,,,Genesis 25:14,"Hadar

(Genesis 25:14, 1 Chronicles 1:29-31)"
952,Massa,false,false,false,false,false,,,,,,,Genesis 25:14,"Massa

(Genesis 25:14, 1 Chronicles 1:29-31)"
953,Dumah,false,false,false,false,false,,,,,,,Genesis 25:14,"Dumah

(Genesis 25:14, 1 Chronicles 1:29-31)"
954,Mishma,false,false,false,false,false,,,,,,,Genesis 25:14,"Mishma

(Genesis 25:14, 1 Chronicles 1:29-31)"
955,Mibsam,false,false,false,false,false,,,,,,,Genesis 25:13,"(Genesis 25:13, 1 Chronicles 1:29-31)"
956,Adbeel,false,false,false,false,false,,,,,,,Genesis 25:13,"Adbeel

(Genesis 25:13, 1 Chronicles 1:29-31)"
957,Kedar,false,false,false,false,false,,,,,,,Genesis 25:13,"Kedar

(Genesis 25:13, 1 Chronicles 1:29-31)"
958,Nebaioth,false,false,false,false,false,,,,,,,Genesis 25:13,"Nebaioth

(Genesis 25:13, 1 Chronicles 1:29-31)"
959,Jobab,false,false,false,false,false,,,,,,,Genesis 10:26,"(Genesis 10:26-29, 1 Chronicles 1:20-23)"
960,Havilah,false,false,false,false,false,,,,,,,Genesis 10:26,"(Genesis 10:26-29, 1 Chronicles 1:20-23)"
961,Ophir,false,false,false,false,false,,,,,,,Genesis 10:26,"Ophir

(Genesis 10:26-29, 1 Chronicles 1:20-23)"
962,Sheba,false,false,false,false,false,,,,,,,Genesis 10:26,"(Genesis 10:26-29, 1 Chronicles 1:20-23)"
963,Abimael,false,false,false,false,false,,,,,,,Genesis 10:26,"Abimael

(Genesis 10:26-29, 1 Chronicles 1:20-23)"
964,Obal (or Ebal),false,false,false,false,false,,,,,,,Genesis 10:26,"Obal (or Ebal)

(Genesis 10:26-29, 1 Chronicles 1:20-23)"
965,Diklah,false,false,false,false,false,,,,,,,Genesis 10:26,"Diklah

(Genesis 10:26-29, 1 Chronicles 1:20-23)"
966,Uzal,false,false,false,false,false,,,,,,,Genesis 10:26,"Uzal

(Genesis 10:26-29, 1 Chronicles 1:20-23)"
967,Hadoram,false,false,false,false,false,,,,,,,Genesis 10:26,"Hadoram

(Genesis 10:26-29, 1 Chronicles 1:20-23)"
968,Jerah,false,false,false,false,false,,,,,,,Genesis 10:26,"Jerah

(Genesis 10:26-29, 1 Chronicles 1:20-23)"
969,Hazarmaveth,false,false,false,false,false,,,,,,,Genesis 10:26,"Hazarmaveth

(Genesis 10:26-29, 1 Chronicles 1:20-23)"
970,Sheleph,false,false,false,false,false,,,,,,,Genesis 10:26,"Sheleph

(Genesis 10:26-29, 1 Chronicles 1:20-23)"
971,Almodad,false,false,false,false,false,,,,,,,Genesis 10:26,"Almodad

(Genesis 10:26-29, 1 Chronicles 1:20-23)"
972,Naamah,false,false,false,false,false,,,,,,,Genesis 4:22,"Naamah

(Genesis 4:22)"
973,Tubal-Cain,false,false,false,false,false,,,,,,,Genesis 4:22,"Tubal-Cain

He was the forger of all implements of bronze and iron (Genesis 4:22)"
974,Jubal,false,false,false,false,false,,,,,,,Genesis 4:21,"Jubal

He was the father of all those who play the lyre and pipe (Genesis 4:21)"
975,Jabal,false,false,false,false,false,,,,,,,Genesis 4:20,"Jabal

He was the father of those who dwell in tents and have livestock (Genesis 4:20)"
976,Dodanim (or Rodanim),false,false,false,false,false,,,,,,,Genesis 10:4,"Dodanim (or Rodanim)

(Genesis 10:4, 1 Chronicles 1:7)"
977,Kittim,false,false,false,false,false,,,,,,,Genesis 10:4,"Kittim

(Genesis 10:4, 1 Chronicles 1:7)"
978,Tarshish,false,false,false,false,false,,,,,,,Genesis 10:4,"(Genesis 10:4, 1 Chronicles 1:7)"
979,Elishah,false,false,false,false,false,,,,,,,Genesis 10:4,"Elishah

(Genesis 10:4, 1 Chronicles 1:7)"
980,Togarmah,false,false,false,false,false,,,,,,,Genesis 10:3,"Togarmah

(Genesis 10:3, 1 Chronicles 1:6)"
981,Riphath,false,false,false,false,false,,,,,,,Genesis 10:3,"Riphath

(Genesis 10:3, 1 Chronicles 1:6)"
982,Ashkenaz,false,false,false,false,false,,,,,,,Genesis 10:3,"Ashkenaz

(Genesis 10:3, 1 Chronicles 1:6)"
983,Ziza,false,false,false,false,false,,,,,,,,"Ziza

(1 Chronicles 4:37)"
984,Shiphi,false,false,false,false,false,,,,,,,,"Shiphi

(1 Chronicles 4:37)"
985,Allon,false,false,false,false,false,,,,,,,,"Allon

(1 Chronicles 4:37)"
986,Jedaiah,false,false,false,false,false,,,,,,,,"Jedaiah

(1 Chronicles 4:37)"
987,Shimri,false,false,false,false,false,,,,,,,,"Shimri

(1 Chronicles 4:37)"
988,Shemaiah,false,false,false,false,false,,,,,,,,(1 Chronicles 4:37)
989,Benaiah,false,false,false,false,false,,,,,,,,"Benaiah

(1 Chronicles 4:36)"
990,Jesimiel,false,false,false,false,false,,,,,,,,"Jesimiel

(1 Chronicles 4:36)"
991,Adiel,false,false,false,false,false,,,,,,,,"Adiel

(1 Chronicles 4:36)"
992,Asaiah,false,false,false,false,false,,,,,,,,"Asaiah

(1 Chronicles 4:36)"
993,Jeshohaiah,false,false,false,false,false,,,,,,,,"Jeshohaiah

(1 Chronicles 4:36)"
994,Jaakobah,false,false,false,false,false,,,,,,,,"Jaakobah

(1 Chronicles 4:36)"
995,Elioenai,false,false,false,false,false,,,,,,,,(1 Chronicles 4:36)
996,Jehu,false,false,false,false,false,,,,,,,,(1 Chronicles 4:35)
997,Joshibiah,false,false,false,false,false,,,,,,,,"Joshibiah

(1 Chronicles 4:35)"
998,Seraiah,false,false,false,false,false,,,,,,,,(1 Chronicles 4:35)
999,Asiel,false,false,false,false,false,,,,,,,,"Asiel

(1 Chronicles 4:35)"
1000,Joel,false,false,false,false,false,,,,,,,,(1 Chronicles 4:35)
1001,Joshah,false,false,false,false,false,,,,,,,,"Joshah

(1 Chronicles 4:34)"
1002,Amaziah,false,false,false,false,false,,,,,,,,(1 Chronicles 4:34)
1003,Jamlech,false,false,false,false,false,,,,,,,,"Jamlech

(1 Chronicles 4:34)"
1004,Meshobab,false,false,false,false,false,,,,,,,,"Meshobab

(1 Chronicles 4:34)"
1005,Sixteen sons and six daughters,false,false,false,false,false,,,,,,,,"Sixteen sons and six daughters

(1 Chronicles 4:27)"
Individual- all child information shown (click or touch to collapse),Individual- all child information shown (click or touch to collapse),false,false,false,true,false,,,,,,,,
Individual- child information hidden (click or touch to expand),Individual- child information hidden (click or touch to expand),false,false,false,true,false,,,,,,,,
Individual in the line of Messiah,Individual in the line of Messiah,false,false,false,true,false,,,,,,,,
Highlighted individual in the line of Messiah,Highlighted individual in the line of Messiah,false,false,false,true,false,,,,,,,,
Levitical priest,Levitical priest,false,false,false,true,false,,,,,,,,
Israelite,Israelite,false,false,false,true,false,,,,,,,,
Judge,Judge,false,false,false,true,false,,,,,,,,
